{"name":"000069","timestamp":0,"index":69,"labels":[{"id":0,"category":"human.pedestrian.adult","box3d":{"dimension":{"width":0.23534952186725633,"length":2.1761160000873767,"height":1.468628},"location":{"x":1.679021882219991,"y":-2.9902509764670824,"z":-1.108606},"orientation":{"rotationYaw":0,"rotationPitch":0,"rotationRoll":0}}},{"id":1,"category":"human.pedestrian.adult","box3d":{"dimension":{"width":0.9296306113756594,"length":0.27350091804376864,"height":1.468628},"location":{"x":2.1203022357210957,"y":-1.967595369868643,"z":-1.108606},"orientation":{"rotationYaw":0,"rotationPitch":0,"rotationRoll":0}}},{"id":2,"category":"human.pedestrian.adult","box3d":{"dimension":{"width":0.3294893306141571,"length":2.461508262393918,"height":1.468628},"location":{"x":2.573350065315562,"y":-0.7427869108030705,"z":-1.108606},"orientation":{"rotationYaw":0,"rotationPitch":0,"rotationRoll":0}}},{"id":3,"category":"human.pedestrian.adult","box3d":{"dimension":{"width":3.2360559256747656,"length":0.6421325901897172,"height":1.468628},"location":{"x":-0.8568692158996897,"y":-1.6524747469051695,"z":-1.108606},"orientation":{"rotationYaw":0,"rotationPitch":0,"rotationRoll":0}}}]}