{"name":"000007","timestamp":0,"index":7,"labels":[{"id":0,"category":"human.pedestrian.adult","box3d":{"dimension":{"width":0.41362678468170344,"length":4.417039826406862,"height":1.468628},"location":{"x":-2.4767843708943573,"y":-1.01592430579172,"z":-1.108606},"orientation":{"rotationYaw":0,"rotationPitch":0,"rotationRoll":0}}},{"id":1,"category":"human.pedestrian.adult","box3d":{"dimension":{"width":1.6656862410155016,"length":0.18074843279414132,"height":1.468628},"location":{"x":-0.2409639131554281,"y":-4.467089694454883,"z":-1.108606},"orientation":{"rotationYaw":0,"rotationPitch":0,"rotationRoll":0}}},{"id":2,"category":"human.pedestrian.adult","box3d":{"dimension":{"width":0.19516960162606134,"length":3.3370303927726646,"height":1.468628},"location":{"x":2.695090554448634,"y":-1.025758670240259,"z":-1.108606},"orientation":{"rotationYaw":0,"rotationPitch":0,"rotationRoll":0}}},{"id":3,"category":"human.pedestrian.adult","box3d":{"dimension":{"width":2.326421651382655,"length":0.1025564896123985,"height":1.468628},"location":{"x":1.567010257049997,"y":-2.674551464778053,"z":-1.108606},"orientation":{"rotationYaw":0,"rotationPitch":0,"rotationRoll":0}}}]}