{"name":"000028","timestamp":0,"index":28,"labels":[{"id":0,"category":"human.pedestrian.adult","box3d":{"dimension":{"width":0.3875662257497532,"length":5.974341029347045,"height":1.468628},"location":{"x":2.06984263197236,"y":-0.0231992109397281,"z":-1.108606},"orientation":{"rotationYaw":0,"rotationPitch":0,"rotationRoll":0}}},{"id":1,"category":"human.pedestrian.adult","box3d":{"dimension":{"width":4.212676366845166,"length":0.5882428090434018,"height":1.468628},"location":{"x":0.12358615048989163,"y":3.1294145937772493,"z":-1.108606},"orientation":{"rotationYaw":0,"rotationPitch":0,"rotationRoll":0}}},{"id":2,"category":"human.pedestrian.adult","box3d":{"dimension":{"width":0.20220846560856787,"length":2.297823472825786,"height":1.468628},"location":{"x":-2.2186619094760207,"y":1.576085926147019,"z":-1.108606},"orientation":{"rotationYaw":0,"rotationPitch":0,"rotationRoll":0}}},{"id":3,"category":"human.pedestrian.adult","box3d":{"dimension":{"width":4.229527072312549,"length":0.4963298701303711,"height":1.468628},"location":{"x":-0.07019696238498518,"y":-2.8173525538958835,"z":-1.108606},"orientation":{"rotationYaw":0,"rotationPitch":0,"rotationRoll":0}}}]}