{"name":"000033","timestamp":0,"index":33,"labels":[{"id":0,"category":"human.pedestrian.adult","box3d":{"dimension":{"width":0.5897746913583246,"length":5.073594227999335,"height":1.468628},"location":{"x":-2.2102365567423305,"y":0.42717418973412613,"z":-1.108606},"orientation":{"rotationYaw":0,"rotationPitch":0,"rotationRoll":0}}},{"id":1,"category":"human.pedestrian.adult","box3d":{"dimension":{"width":4.296929894182071,"length":0.38603434343473175,"height":1.468628},"location":{"x":-0.08704766785236617,"y":-3.8651600575044425,"z":-1.108606},"orientation":{"rotationYaw":0,"rotationPitch":0,"rotationRoll":0}}},{"id":2,"category":"human.pedestrian.adult","box3d":{"dimension":{"width":0.3201634038802317,"length":6.893470418477357,"height":1.468628},"location":{"x":1.9013355772985534,"y":-0.5746768444179167,"z":-1.108606},"orientation":{"rotationYaw":0,"rotationPitch":0,"rotationRoll":0}}},{"id":3,"category":"human.pedestrian.adult","box3d":{"dimension":{"width":1.51656349206426,"length":0.22059105339127605,"height":1.468628},"location":{"x":0.5617044926417893,"y":6.9529928525593565,"z":-1.108606},"orientation":{"rotationYaw":0,"rotationPitch":0,"rotationRoll":0}}}]}