{"name":"000030","timestamp":0,"index":30,"labels":[{"id":0,"category":"human.pedestrian.adult","box3d":{"dimension":{"width":0.45496904761927803,"length":2.9963618085648243,"height":1.468628},"location":{"x":-1.6204618653840075,"y":1.2084341704948933,"z":-1.108606},"orientation":{"rotationYaw":0,"rotationPitch":0,"rotationRoll":0}}},{"id":1,"category":"human.pedestrian.adult","box3d":{"dimension":{"width":4.1958256613777865,"length":0.3308865800869125,"height":1.468628},"location":{"x":1.1262031257990421,"y":-0.9882850695265578,"z":-1.108606},"orientation":{"rotationYaw":0,"rotationPitch":0,"rotationRoll":0}}},{"id":2,"category":"human.pedestrian.adult","box3d":{"dimension":{"width":0.6403268077604665,"length":3.7868130832168942,"height":1.468628},"location":{"x":2.903952552607702,"y":1.1257125254731646,"z":-1.108606},"orientation":{"rotationYaw":0,"rotationPitch":0,"rotationRoll":0}}},{"id":3,"category":"human.pedestrian.adult","box3d":{"dimension":{"width":4.061020017638741,"length":0.3860343434347322,"height":1.468628},"location":{"x":0.8397411328535702,"y":2.991545185407703,"z":-1.108606},"orientation":{"rotationYaw":0,"rotationPitch":0,"rotationRoll":0}}}]}