{"name":"000092","timestamp":0,"index":92,"labels":[{"id":0,"category":"human.pedestrian.adult","box3d":{"dimension":{"width":0.16550596602425882,"length":1.5052332067897876,"height":1.468628},"location":{"x":-1.2117116391560876,"y":5.755632017486089,"z":-1.108606},"orientation":{"rotationYaw":0,"rotationPitch":0,"rotationRoll":0}}},{"id":1,"category":"human.pedestrian.adult","box3d":{"dimension":{"width":0.4965178980727727,"length":4.80838385502294,"height":1.468628},"location":{"x":-1.4185940966864101,"y":0.48731579372182576,"z":-1.108606},"orientation":{"rotationYaw":0,"rotationPitch":0,"rotationRoll":0}}},{"id":2,"category":"human.pedestrian.adult","box3d":{"dimension":{"width":3.0575605070562224,"length":0.38824025396864403,"height":1.468628},"location":{"x":0.025779530021149855,"y":2.956866051171118,"z":-1.108606},"orientation":{"rotationYaw":0,"rotationPitch":0,"rotationRoll":0}}},{"id":3,"category":"human.pedestrian.adult","box3d":{"dimension":{"width":0.43222059523831424,"length":6.470670899477414,"height":1.468628},"location":{"x":1.4825230176762088,"y":-0.16523265782673513,"z":-1.108606},"orientation":{"rotationYaw":0,"rotationPitch":0,"rotationRoll":0}}}]}