{"name":"000042","timestamp":0,"index":42,"labels":[{"id":0,"category":"human.pedestrian.adult","box3d":{"dimension":{"width":0.1821089736706223,"length":1.877377964932622,"height":1.468628},"location":{"x":-1.6974336697616175,"y":0.9279225930602256,"z":-1.108606},"orientation":{"rotationYaw":0,"rotationPitch":0,"rotationRoll":0}}},{"id":1,"category":"human.pedestrian.adult","box3d":{"dimension":{"width":3.1960124879194134,"length":0.26819685213323163,"height":1.468628},"location":{"x":-0.17227101527015964,"y":1.8417785336623484,"z":-1.108606},"orientation":{"rotationYaw":0,"rotationPitch":0,"rotationRoll":0}}},{"id":2,"category":"human.pedestrian.adult","box3d":{"dimension":{"width":0.2094253197212157,"length":3.029631107430951,"height":1.468628},"location":{"x":1.3119171201454087,"y":0.39152888879376246,"z":-1.108606},"orientation":{"rotationYaw":0,"rotationPitch":0,"rotationRoll":0}}},{"id":3,"category":"human.pedestrian.adult","box3d":{"dimension":{"width":3.268856077387663,"length":0.3377293693529586,"height":1.468628},"location":{"x":-0.29974729683959456,"y":-0.9146891132625331,"z":-1.108606},"orientation":{"rotationYaw":0,"rotationPitch":0,"rotationRoll":0}}}]}