{"name":"000071","timestamp":0,"index":71,"labels":[{"id":0,"category":"human.pedestrian.adult","box3d":{"dimension":{"width":3.2802761759016827,"length":0.5963875822122406,"height":1.468628},"location":{"x":-0.9381289653418936,"y":-1.76070002254354,"z":-1.108606},"orientation":{"rotationYaw":0,"rotationPitch":0,"rotationRoll":0}}},{"id":1,"category":"human.pedestrian.adult","box3d":{"dimension":{"width":0.3431251230022676,"length":2.6213314660026388,"height":1.468628},"location":{"x":2.4244972400803344,"y":-0.7898365166166372,"z":-1.108606},"orientation":{"rotationYaw":0,"rotationPitch":0,"rotationRoll":0}}},{"id":2,"category":"human.pedestrian.adult","box3d":{"dimension":{"width":0.9882003542465321,"length":0.33286748774636665,"height":1.468628},"location":{"x":2.0058845900175672,"y":-2.0172853776813646,"z":-1.108606},"orientation":{"rotationYaw":0,"rotationPitch":0,"rotationRoll":0}}},{"id":3,"category":"human.pedestrian.adult","box3d":{"dimension":{"width":0.26077509348172545,"length":2.6213314660026388,"height":1.468628},"location":{"x":1.6284469547150722,"y":-3.341820589338783,"z":-1.108606},"orientation":{"rotationYaw":0,"rotationPitch":0,"rotationRoll":0}}}]}