{"name":"000026","timestamp":0,"index":26,"labels":[{"id":0,"category":"human.pedestrian.adult","box3d":{"dimension":{"width":0.2527605820107097,"length":7.169209235216451,"height":1.468628},"location":{"x":1.9687383991680745,"y":-0.7860766039178886,"z":-1.108606},"orientation":{"rotationYaw":0,"rotationPitch":0,"rotationRoll":0}}},{"id":1,"category":"human.pedestrian.adult","box3d":{"dimension":{"width":4.414884832453735,"length":0.3492691678695188,"height":1.468628},"location":{"x":-0.1628758424555785,"y":2.8996322464946718,"z":-1.108606},"orientation":{"rotationYaw":0,"rotationPitch":0,"rotationRoll":0}}},{"id":2,"category":"human.pedestrian.adult","box3d":{"dimension":{"width":0.16850705467380722,"length":3.419161327564769,"height":1.468628},"location":{"x":-2.4545717860193497,"y":0.9235040598644959,"z":-1.108606},"orientation":{"rotationYaw":0,"rotationPitch":0,"rotationRoll":0}}}]}