{"name":"000060","timestamp":0,"index":60,"labels":[{"id":0,"category":"human.pedestrian.adult","box3d":{"dimension":{"width":0.42115177597298414,"length":1.9902355134535112,"height":1.468628},"location":{"x":-1.0279629309450755,"y":-1.0644713952137101,"z":-1.108606},"orientation":{"rotationYaw":0,"rotationPitch":0,"rotationRoll":0}}},{"id":1,"category":"human.pedestrian.adult","box3d":{"dimension":{"width":3.009996516512797,"length":0.325447316665354,"height":1.468628},"location":{"x":0.4522616934305591,"y":-0.06935363848695453,"z":-1.108606},"orientation":{"rotationYaw":0,"rotationPitch":0,"rotationRoll":0}}},{"id":2,"category":"human.pedestrian.adult","box3d":{"dimension":{"width":0.45831222679412886,"length":3.14181832626938,"height":1.468628},"location":{"x":1.8643588246340936,"y":-1.4775391432889675,"z":-1.108606},"orientation":{"rotationYaw":0,"rotationPitch":0,"rotationRoll":0}}},{"id":3,"category":"human.pedestrian.adult","box3d":{"dimension":{"width":1.9942775274014828,"length":0.18775806730693523,"height":1.468628},"location":{"x":1.0839893573900357,"y":-2.992120886231577,"z":-1.108606},"orientation":{"rotationYaw":0,"rotationPitch":0,"rotationRoll":0}}}]}