{"name":"000029","timestamp":0,"index":29,"labels":[{"id":0,"category":"human.pedestrian.adult","box3d":{"dimension":{"width":0.4886704585540387,"length":2.9963618085648243,"height":1.468628},"location":{"x":-2.2776393786118527,"y":0.12386149132112201,"z":-1.108606},"orientation":{"rotationYaw":0,"rotationPitch":0,"rotationRoll":0}}},{"id":1,"category":"human.pedestrian.adult","box3d":{"dimension":{"width":4.1958256613777865,"length":0.3860343434347313,"height":1.468628},"location":{"x":0.3173692633647698,"y":-2.082049042591632,"z":-1.108606},"orientation":{"rotationYaw":0,"rotationPitch":0,"rotationRoll":0}}},{"id":2,"category":"human.pedestrian.adult","box3d":{"dimension":{"width":0.4381183421518986,"length":4.06255189995599,"height":1.468628},"location":{"x":2.3815806831189024,"y":-0.17025991320057876,"z":-1.108606},"orientation":{"rotationYaw":0,"rotationPitch":0,"rotationRoll":0}}},{"id":3,"category":"human.pedestrian.adult","box3d":{"dimension":{"width":3.9599157848344575,"length":0.31250399230430737,"height":1.468628},"location":{"x":0.21626503056048652,"y":1.9069725062339318,"z":-1.108606},"orientation":{"rotationYaw":0,"rotationPitch":0,"rotationRoll":0}}}]}