{"name":"000050","timestamp":0,"index":50,"labels":[{"id":0,"category":"human.pedestrian.adult","box3d":{"dimension":{"width":1.709843695055846,"length":0.21463876394304426,"height":1.468628},"location":{"x":1.5420076632538664,"y":2.799547475023175,"z":-1.108606},"orientation":{"rotationYaw":0,"rotationPitch":0,"rotationRoll":0}}},{"id":1,"category":"human.pedestrian.adult","box3d":{"dimension":{"width":0.1168216189168585,"length":3.5200757286659297,"height":1.468628},"location":{"x":-0.040394265710860244,"y":1.3721996948019295,"z":-1.108606},"orientation":{"rotationYaw":0,"rotationPitch":0,"rotationRoll":0}}},{"id":2,"category":"human.pedestrian.adult","box3d":{"dimension":{"width":3.6745709222939293,"length":0.182442949351588,"height":1.468628},"location":{"x":1.7915811218489743,"y":-1.3590785763733115,"z":-1.108606},"orientation":{"rotationYaw":0,"rotationPitch":0,"rotationRoll":0}}},{"id":3,"category":"human.pedestrian.adult","box3d":{"dimension":{"width":0.2442633850079785,"length":3.745446430806126,"height":1.468628},"location":{"x":3.7191378339771486,"y":0.9912158888030258,"z":-1.108606},"orientation":{"rotationYaw":0,"rotationPitch":0,"rotationRoll":0}}}]}