{"name":"000046","timestamp":0,"index":46,"labels":[{"id":0,"category":"human.pedestrian.adult","box3d":{"dimension":{"width":0.24711699796061826,"length":3.132288181943951,"height":1.468628},"location":{"x":-2.103951111008706,"y":-0.006356612228604952,"z":-1.108606},"orientation":{"rotationYaw":0,"rotationPitch":0,"rotationRoll":0}}},{"id":1,"category":"human.pedestrian.adult","box3d":{"dimension":{"width":1.929866079311497,"length":0.2567449329462259,"height":1.468628},"location":{"x":-1.1449018093996386,"y":-1.533988963258647,"z":-1.108606},"orientation":{"rotationYaw":0,"rotationPitch":0,"rotationRoll":0}}},{"id":2,"category":"human.pedestrian.adult","box3d":{"dimension":{"width":0.3059543784274331,"length":2.4390768629891424,"height":1.468628},"location":{"x":0.6319870806981411,"y":0.34024904724879923,"z":-1.108606},"orientation":{"rotationYaw":0,"rotationPitch":0,"rotationRoll":0}}},{"id":3,"category":"human.pedestrian.adult","box3d":{"dimension":{"width":2.894799118967245,"length":0.24390768629891446,"height":1.468628},"location":{"x":-0.6742027656651282,"y":1.5148571154777806,"z":-1.108606},"orientation":{"rotationYaw":0,"rotationPitch":0,"rotationRoll":0}}}]}