{"name":"000083","timestamp":0,"index":83,"labels":[{"id":0,"category":"human.pedestrian.adult","box3d":{"dimension":{"width":0.3980251426826307,"length":3.7863676731149223,"height":1.468628},"location":{"x":-1.9470343278276059,"y":0.29382513117204134,"z":-1.108606},"orientation":{"rotationYaw":0,"rotationPitch":0,"rotationRoll":0}}},{"id":1,"category":"human.pedestrian.adult","box3d":{"dimension":{"width":0.46665016728308384,"length":3.31480539880757,"height":1.468628},"location":{"x":0.9969792275318541,"y":-0.2886929723841013,"z":-1.108606},"orientation":{"rotationYaw":0,"rotationPitch":0,"rotationRoll":0}}},{"id":2,"category":"human.pedestrian.adult","box3d":{"dimension":{"width":0.3156751131620874,"length":2.621331466002638,"height":1.468628},"location":{"x":2.8704423991242387,"y":-0.26095401507190397,"z":-1.108606},"orientation":{"rotationYaw":0,"rotationPitch":0,"rotationRoll":0}}},{"id":3,"category":"human.pedestrian.adult","box3d":{"dimension":{"width":0.6176252214040827,"length":0.2635200944658731,"height":1.468628},"location":{"x":0.9626667152316283,"y":-3.714454200440459,"z":-1.108606},"orientation":{"rotationYaw":0,"rotationPitch":0,"rotationRoll":0}}}]}