{"name":"000067","timestamp":0,"index":67,"labels":[{"id":0,"category":"human.pedestrian.adult","box3d":{"dimension":{"width":0.3100073952228368,"length":3.972841183565839,"height":1.468628},"location":{"x":-1.217006276452458,"y":-0.28352309623492966,"z":-1.108606},"orientation":{"rotationYaw":0,"rotationPitch":0,"rotationRoll":0}}},{"id":1,"category":"human.pedestrian.adult","box3d":{"dimension":{"width":2.9168877641421416,"length":0.30615084389485814,"height":1.468628},"location":{"x":0.2555288508560144,"y":-2.2521442203495425,"z":-1.108606},"orientation":{"rotationYaw":0,"rotationPitch":0,"rotationRoll":0}}},{"id":2,"category":"human.pedestrian.adult","box3d":{"dimension":{"width":0.3311442630789392,"length":1.7372280444266393,"height":1.468628},"location":{"x":1.6399936954307273,"y":-1.4013296658045293,"z":-1.108606},"orientation":{"rotationYaw":0,"rotationPitch":0,"rotationRoll":0}}},{"id":3,"category":"human.pedestrian.adult","box3d":{"dimension":{"width":2.3814204451208796,"length":0.30615084389485836,"height":1.468628},"location":{"x":-0.01925043127331727,"y":1.6779782408123618,"z":-1.108606},"orientation":{"rotationYaw":0,"rotationPitch":0,"rotationRoll":0}}}]}