{"name":"000031","timestamp":0,"index":31,"labels":[{"id":0,"category":"human.pedestrian.adult","box3d":{"dimension":{"width":0.6234761022930835,"length":3.1801876863908882,"height":1.468628},"location":{"x":-2.5135492551551826,"y":0.10547890353851597,"z":-1.108606},"orientation":{"rotationYaw":0,"rotationPitch":0,"rotationRoll":0}}},{"id":1,"category":"human.pedestrian.adult","box3d":{"dimension":{"width":4.364332716051594,"length":0.33088658008691274,"height":1.468628},"location":{"x":0.23311573602786617,"y":-2.1463880998307534,"z":-1.108606},"orientation":{"rotationYaw":0,"rotationPitch":0,"rotationRoll":0}}},{"id":2,"category":"human.pedestrian.adult","box3d":{"dimension":{"width":0.556073280423562,"length":4.025786724390776,"height":1.468628},"location":{"x":2.2046482757114036,"y":-0.004816623157121835,"z":-1.108606},"orientation":{"rotationYaw":0,"rotationPitch":0,"rotationRoll":0}}},{"id":3,"category":"human.pedestrian.adult","box3d":{"dimension":{"width":4.650794708997067,"length":0.2573562289564879,"height":1.468628},"location":{"x":0.07303403408775044,"y":1.879398624560022,"z":-1.108606},"orientation":{"rotationYaw":0,"rotationPitch":0,"rotationRoll":0}}}]}