{"name":"000061","timestamp":0,"index":61,"labels":[{"id":0,"category":"human.pedestrian.adult","box3d":{"dimension":{"width":3.2577328553204348,"length":0.3629989301267409,"height":1.468628},"location":{"x":-0.4395891262769359,"y":1.7143480009289287,"z":-1.108606},"orientation":{"rotationYaw":0,"rotationPitch":0,"rotationRoll":0}}},{"id":1,"category":"human.pedestrian.adult","box3d":{"dimension":{"width":0.35921769127107417,"length":1.9777183089663826,"height":1.468628},"location":{"x":1.0716025404496532,"y":0.8944711070219786,"z":-1.108606},"orientation":{"rotationYaw":0,"rotationPitch":0,"rotationRoll":0}}},{"id":2,"category":"human.pedestrian.adult","box3d":{"dimension":{"width":0.42115177597298414,"length":2.929025849988186,"height":1.468628},"location":{"x":-1.9074269337121887,"y":0.3437141095883026,"z":-1.108606},"orientation":{"rotationYaw":0,"rotationPitch":0,"rotationRoll":0}}},{"id":3,"category":"human.pedestrian.adult","box3d":{"dimension":{"width":2.254400683149503,"length":0.3880333391009987,"height":1.468628},"location":{"x":-0.7802265921374378,"y":-1.0895058041879682,"z":-1.108606},"orientation":{"rotationYaw":0,"rotationPitch":0,"rotationRoll":0}}}]}