{"name":"000020","timestamp":0,"index":20,"labels":[{"id":0,"category":"human.pedestrian.adult","box3d":{"dimension":{"width":0.10543151107246596,"length":4.116369044745199,"height":1.468628},"location":{"x":-1.4980476595960814,"y":0.5027639344196727,"z":-1.108606},"orientation":{"rotationYaw":0,"rotationPitch":0,"rotationRoll":0}}},{"id":1,"category":"human.pedestrian.adult","box3d":{"dimension":{"width":2.6549571424611704,"length":0.3002528009108265,"height":1.468628},"location":{"x":-0.11785333282926314,"y":2.4883066501202986,"z":-1.108606},"orientation":{"rotationYaw":0,"rotationPitch":0,"rotationRoll":0}}},{"id":2,"category":"human.pedestrian.adult","box3d":{"dimension":{"width":0.27795580191831726,"length":3.341523106910809,"height":1.468628},"location":{"x":1.051477971792624,"y":0.8514446064451484,"z":-1.108606},"orientation":{"rotationYaw":0,"rotationPitch":0,"rotationRoll":0}}},{"id":3,"category":"human.pedestrian.adult","box3d":{"dimension":{"width":0.6709277977338699,"length":0.11622689067515846,"height":1.468628},"location":{"x":0.4236812467702169,"y":-1.506992716838278,"z":-1.108606},"orientation":{"rotationYaw":0,"rotationPitch":0,"rotationRoll":0}}}]}