{"name":"000093","timestamp":0,"index":93,"labels":[{"id":0,"category":"human.pedestrian.adult","box3d":{"dimension":{"width":4.898500079367563,"length":0.5500070264555807,"height":1.468628},"location":{"x":0.5300368911325166,"y":1.6303785167782479,"z":-1.108606},"orientation":{"rotationYaw":0,"rotationPitch":0,"rotationRoll":0}}},{"id":1,"category":"human.pedestrian.adult","box3d":{"dimension":{"width":0.5762941269844188,"length":2.798565164023981,"height":1.468628},"location":{"x":2.9312624202342628,"y":0.2149192575175637,"z":-1.108606},"orientation":{"rotationYaw":0,"rotationPitch":0,"rotationRoll":0}}},{"id":2,"category":"human.pedestrian.adult","box3d":{"dimension":{"width":8.21219130952797,"length":0.6955971216938222,"height":1.468628},"location":{"x":-1.1748332345297228,"y":-1.2086283403674676,"z":-1.108606},"orientation":{"rotationYaw":0,"rotationPitch":0,"rotationRoll":0}}}]}