{"name":"000043","timestamp":0,"index":43,"labels":[{"id":0,"category":"human.pedestrian.adult","box3d":{"dimension":{"width":2.522209285338113,"length":0.1390650344394535,"height":1.468628},"location":{"x":-0.20869281000428375,"y":-1.8384782706103315,"z":-1.108606},"orientation":{"rotationYaw":0,"rotationPitch":0,"rotationRoll":0}}},{"id":1,"category":"human.pedestrian.adult","box3d":{"dimension":{"width":0.22763621708827753,"length":3.029631107430952,"height":1.468628},"location":{"x":1.0205427622724137,"y":-0.4726609680799847,"z":-1.108606},"orientation":{"rotationYaw":0,"rotationPitch":0,"rotationRoll":0}}},{"id":2,"category":"human.pedestrian.adult","box3d":{"dimension":{"width":3.2051179366029445,"length":0.23839720189620606,"height":1.468628},"location":{"x":-0.5228307895861064,"y":0.952755634924414,"z":-1.108606},"orientation":{"rotationYaw":0,"rotationPitch":0,"rotationRoll":0}}},{"id":3,"category":"human.pedestrian.adult","box3d":{"dimension":{"width":0.21853076840474572,"length":1.857511531441272,"height":1.468628},"location":{"x":-2.016124373685206,"y":0.0041334357124273025,"z":-1.108606},"orientation":{"rotationYaw":0,"rotationPitch":0,"rotationRoll":0}}}]}