{"name":"000027","timestamp":0,"index":27,"labels":[{"id":0,"category":"human.pedestrian.adult","box3d":{"dimension":{"width":0.13480564373904347,"length":7.279504761912088,"height":1.468628},"location":{"x":1.758104580825817,"y":-0.14268603152666848,"z":-1.108606},"orientation":{"rotationYaw":0,"rotationPitch":0,"rotationRoll":0}}},{"id":1,"category":"human.pedestrian.adult","box3d":{"dimension":{"width":4.229527072312547,"length":0.38603434343473175,"height":1.468628},"location":{"x":-0.3398082498630769,"y":3.6165531700163163,"z":-1.108606},"orientation":{"rotationYaw":0,"rotationPitch":0,"rotationRoll":0}}},{"id":2,"category":"human.pedestrian.adult","box3d":{"dimension":{"width":0.26961128747809004,"length":3.5110742664778014,"height":1.468628},"location":{"x":-2.589377429758396,"y":1.4290252238861685,"z":-1.108606},"orientation":{"rotationYaw":0,"rotationPitch":0,"rotationRoll":0}}}]}