{"name":"000044","timestamp":0,"index":44,"labels":[{"id":0,"category":"human.pedestrian.adult","box3d":{"dimension":{"width":0.24659679165452864,"length":2.9130446972606707,"height":1.468628},"location":{"x":0.3705658911203328,"y":0.4107322971400552,"z":-1.108606},"orientation":{"rotationYaw":0,"rotationPitch":0,"rotationRoll":0}}},{"id":1,"category":"human.pedestrian.adult","box3d":{"dimension":{"width":1.5359457308767799,"length":0.1460365415513265,"height":1.468628},"location":{"x":-0.34456480467780154,"y":1.8249809100581647,"z":-1.108606},"orientation":{"rotationYaw":0,"rotationPitch":0,"rotationRoll":0}}},{"id":2,"category":"human.pedestrian.adult","box3d":{"dimension":{"width":1.4654895046897725,"length":0.26901468180507493,"height":1.468628},"location":{"x":-0.23183484277858818,"y":-0.9958301820121955,"z":-1.108606},"orientation":{"rotationYaw":0,"rotationPitch":0,"rotationRoll":0}}},{"id":3,"category":"human.pedestrian.adult","box3d":{"dimension":{"width":0.19215006888126962,"length":1.6020823924913912,"height":1.468628},"location":{"x":-1.1662338982966904,"y":0.1359816706145669,"z":-1.108606},"orientation":{"rotationYaw":0,"rotationPitch":0,"rotationRoll":0}}}]}