{"name":"000032","timestamp":0,"index":32,"labels":[{"id":0,"category":"human.pedestrian.adult","box3d":{"dimension":{"width":4.448586243388495,"length":0.5330950456955821,"height":1.468628},"location":{"x":0.15728756142465317,"y":2.0724157962773884,"z":-1.108606},"orientation":{"rotationYaw":0,"rotationPitch":0,"rotationRoll":0}}},{"id":1,"category":"human.pedestrian.adult","box3d":{"dimension":{"width":0.47181975308665924,"length":4.301525541129871,"height":1.468628},"location":{"x":-2.0164534438674533,"y":-0.05077309261363783,"z":-1.108606},"orientation":{"rotationYaw":0,"rotationPitch":0,"rotationRoll":0}}},{"id":2,"category":"human.pedestrian.adult","box3d":{"dimension":{"width":3.521797442682561,"length":0.36765175565212593,"height":1.468628},"location":{"x":-0.27240542799355316,"y":-2.0912403364829344,"z":-1.108606},"orientation":{"rotationYaw":0,"rotationPitch":0,"rotationRoll":0}}},{"id":3,"category":"human.pedestrian.adult","box3d":{"dimension":{"width":0.4381183421518955,"length":4.35667330447769,"height":1.468628},"location":{"x":2.213073628445095,"y":-0.004816623157121613,"z":-1.108606},"orientation":{"rotationYaw":0,"rotationPitch":0,"rotationRoll":0}}}]}