{"name":"000041","timestamp":0,"index":41,"labels":[{"id":0,"category":"human.pedestrian.adult","box3d":{"dimension":{"width":2.5131038366545813,"length":0.2483304186418812,"height":1.468628},"location":{"x":-0.37714361064960933,"y":0.7987907753664476,"z":-1.108606},"orientation":{"rotationYaw":0,"rotationPitch":0,"rotationRoll":0}}},{"id":1,"category":"human.pedestrian.adult","box3d":{"dimension":{"width":0.24584711445533936,"length":1.887311181678297,"height":1.468628},"location":{"x":-1.5836155612174794,"y":-0.11009855686283776,"z":-1.108606},"orientation":{"rotationYaw":0,"rotationPitch":0,"rotationRoll":0}}},{"id":2,"category":"human.pedestrian.adult","box3d":{"dimension":{"width":2.6314746695404856,"length":0.13906503443945362,"height":1.468628},"location":{"x":-0.3634854376243129,"y":-0.9643551969909094,"z":-1.108606},"orientation":{"rotationYaw":0,"rotationPitch":0,"rotationRoll":0}}},{"id":3,"category":"human.pedestrian.adult","box3d":{"dimension":{"width":0.2640580118224014,"length":0.9237891573477981,"height":1.468628},"location":{"x":0.8202228912347291,"y":0.4014621055394376,"z":-1.108606},"orientation":{"rotationYaw":0,"rotationPitch":0,"rotationRoll":0}}}]}