{"name":"000036","timestamp":0,"index":36,"labels":[{"id":0,"category":"human.pedestrian.adult","box3d":{"dimension":{"width":4.532839770725401,"length":0.5514776334781881,"height":1.468628},"location":{"x":0.0814593868214406,"y":1.2360080521688013,"z":-1.108606},"orientation":{"rotationYaw":0,"rotationPitch":0,"rotationRoll":0}}},{"id":1,"category":"human.pedestrian.adult","box3d":{"dimension":{"width":0.2696112874780914,"length":2.8493011063039733,"height":1.468628},"location":{"x":-2.0501548548022144,"y":-0.023199210939728987,"z":-1.108606},"orientation":{"rotationYaw":0,"rotationPitch":0,"rotationRoll":0}}},{"id":2,"category":"human.pedestrian.adult","box3d":{"dimension":{"width":2.4939044091723392,"length":0.533095045695583,"height":1.468628},"location":{"x":1.016673540261067,"y":-1.420275882417807,"z":-1.108606},"orientation":{"rotationYaw":0,"rotationPitch":0,"rotationRoll":0}}},{"id":3,"category":"human.pedestrian.adult","box3d":{"dimension":{"width":0.48867045855403735,"length":2.7206229918257305,"height":1.468628},"location":{"x":2.1877975702440238,"y":-0.10592085596145873,"z":-1.108606},"orientation":{"rotationYaw":0,"rotationPitch":0,"rotationRoll":0}}}]}