{"name":"000192","timestamp":0,"index":192,"labels":[{"id":0,"category":"human.pedestrian.child","box3d":{"dimension":{"width":0.2973641208792769,"length":3.1659217681599063,"height":1.468628},"location":{"x":1.1058816621069913,"y":-0.664983196711472,"z":-1.108606},"orientation":{"rotationYaw":0,"rotationPitch":0,"rotationRoll":0}}},{"id":1,"category":"human.pedestrian.child","box3d":{"dimension":{"width":2.2302309065945805,"length":0.16097907295728398,"height":1.468628},"location":{"x":0.012006503158220716,"y":-2.242578111692849,"z":-1.108606},"orientation":{"rotationYaw":0,"rotationPitch":0,"rotationRoll":0}}},{"id":2,"category":"human.pedestrian.child","box3d":{"dimension":{"width":3.175424005103714,"length":0.2575665167316533,"height":1.468628},"location":{"x":-0.44996989892208483,"y":0.9179776873684813,"z":-1.108606},"orientation":{"rotationYaw":0,"rotationPitch":0,"rotationRoll":0}}},{"id":3,"category":"human.pedestrian.child","box3d":{"dimension":{"width":0.31860441522779737,"length":1.8995530608959434,"height":1.468628},"location":{"x":-2.0695423429967215,"y":-0.04253078127664295,"z":-1.108606},"orientation":{"rotationYaw":0,"rotationPitch":0,"rotationRoll":0}}}]}