{"name":"000138","timestamp":0,"index":138,"labels":[{"id":0,"category":"human.pedestrian.adult","box3d":{"dimension":{"width":3.8903275964657356,"length":0.32760653443938414,"height":1.468628},"location":{"x":-0.3192326470414488,"y":1.7490923440622577,"z":-1.108606},"orientation":{"rotationYaw":0,"rotationPitch":0,"rotationRoll":0}}},{"id":1,"category":"human.pedestrian.adult","box3d":{"dimension":{"width":0.25711935263997554,"length":3.6601557640813898,"height":1.468628},"location":{"x":1.5756251908922931,"y":-0.08663392650325419,"z":-1.108606},"orientation":{"rotationYaw":0,"rotationPitch":0,"rotationRoll":0}}},{"id":2,"category":"human.pedestrian.adult","box3d":{"dimension":{"width":3.007178515658859,"length":0.4292775278860892,"height":1.468628},"location":{"x":-0.7831653920222765,"y":-1.6455891593527352,"z":-1.108606},"orientation":{"rotationYaw":0,"rotationPitch":0,"rotationRoll":0}}},{"id":3,"category":"human.pedestrian.adult","box3d":{"dimension":{"width":0.2906566595060607,"length":0.7794776164247404,"height":1.468628},"location":{"x":-2.2085009338308437,"y":1.365001924374704,"z":-1.108606},"orientation":{"rotationYaw":0,"rotationPitch":0,"rotationRoll":0}}}]}