{"name":"000143","timestamp":0,"index":143,"labels":[{"id":0,"category":"human.pedestrian.adult","box3d":{"dimension":{"width":0.2971251675678561,"length":4.203539212751568,"height":1.468628},"location":{"x":-1.5835689449494676,"y":-0.3904273038894668,"z":-1.108606},"orientation":{"rotationYaw":0,"rotationPitch":0,"rotationRoll":0}}}]}