{"name":"000186","timestamp":0,"index":186,"labels":[{"id":0,"category":"human.pedestrian.child","box3d":{"dimension":{"width":4.226818575355444,"length":0.16097907295728353,"height":1.468628},"location":{"x":-0.019853938364559287,"y":-1.5235382524836503,"z":-1.108606},"orientation":{"rotationYaw":0,"rotationPitch":0,"rotationRoll":0}}},{"id":1,"category":"human.pedestrian.child","box3d":{"dimension":{"width":0.33984470957631685,"length":3.7347144926089744,"height":1.468628},"location":{"x":-2.1332632260422812,"y":0.38138077751086963,"z":-1.108606},"orientation":{"rotationYaw":0,"rotationPitch":0,"rotationRoll":0}}},{"id":2,"category":"human.pedestrian.child","box3d":{"dimension":{"width":3.56836945055133,"length":0.182442949351588,"height":1.468628},"location":{"x":-0.07295467423585855,"y":2.5975260152228037,"z":-1.108606},"orientation":{"rotationYaw":0,"rotationPitch":0,"rotationRoll":0}}},{"id":3,"category":"human.pedestrian.child","box3d":{"dimension":{"width":0.32922456240205844,"length":3.7776422453975824,"height":1.468628},"location":{"x":2.045764687028994,"y":0.3706488393137173,"z":-1.108606},"orientation":{"rotationYaw":0,"rotationPitch":0,"rotationRoll":0}}}]}