{"name":"000153","timestamp":0,"index":153,"labels":[{"id":0,"category":"human.pedestrian.adult","box3d":{"dimension":{"width":0.2824959148353141,"length":4.149503903928907,"height":1.468628},"location":{"x":-1.9312977929524187,"y":0.03238573979871262,"z":-1.108606},"orientation":{"rotationYaw":0,"rotationPitch":0,"rotationRoll":0}}},{"id":1,"category":"human.pedestrian.adult","box3d":{"dimension":{"width":3.8338731299078277,"length":0.2141021670331873,"height":1.468628},"location":{"x":-0.09507434652287983,"y":2.1632120688432863,"z":-1.108606},"orientation":{"rotationYaw":0,"rotationPitch":0,"rotationRoll":0}}},{"id":2,"category":"human.pedestrian.adult","box3d":{"dimension":{"width":0.35311989354414264,"length":4.22087129293997,"height":1.468628},"location":{"x":1.8369959281543544,"y":0.11904614074071673,"z":-1.108606},"orientation":{"rotationYaw":0,"rotationPitch":0,"rotationRoll":0}}},{"id":3,"category":"human.pedestrian.adult","box3d":{"dimension":{"width":2.8552265677997766,"length":0.22429750832048145,"height":1.468628},"location":{"x":-0.43306053034370234,"y":-2.0627568947403305,"z":-1.108606},"orientation":{"rotationYaw":0,"rotationPitch":0,"rotationRoll":0}}}]}