{"name":"000197","timestamp":0,"index":197,"labels":[{"id":0,"category":"human.pedestrian.child","box3d":{"dimension":{"width":0.22302309065945813,"length":3.47714797587732,"height":1.468628},"location":{"x":1.1642924715654217,"y":0.2204017045535861,"z":-1.108606},"orientation":{"rotationYaw":0,"rotationPitch":0,"rotationRoll":0}}},{"id":1,"category":"human.pedestrian.child","box3d":{"dimension":{"width":2.240851053768841,"length":0.3112262077174148,"height":1.468628},"location":{"x":0.038556871093870515,"y":1.9965374761822796,"z":-1.108606},"orientation":{"rotationYaw":0,"rotationPitch":0,"rotationRoll":0}}},{"id":2,"category":"human.pedestrian.child","box3d":{"dimension":{"width":0.21240294348519884,"length":3.595199296045995,"height":1.468628},"location":{"x":-1.1031089501390696,"y":0.300891241032228,"z":-1.108606},"orientation":{"rotationYaw":0,"rotationPitch":0,"rotationRoll":0}}},{"id":3,"category":"human.pedestrian.child","box3d":{"dimension":{"width":2.1877503178975415,"length":0.3541539605060229,"height":1.468628},"location":{"x":0.001386355983961196,"y":-1.4806104996950415,"z":-1.108606},"orientation":{"rotationYaw":0,"rotationPitch":0,"rotationRoll":0}}}]}