{"name":"000142","timestamp":0,"index":142,"labels":[{"id":0,"category":"human.pedestrian.adult","box3d":{"dimension":{"width":0.27795580191831704,"length":4.08731232207641,"height":1.468628},"location":{"x":-1.5164761651760803,"y":-0.13860237409328935,"z":-1.108606},"orientation":{"rotationYaw":0,"rotationPitch":0,"rotationRoll":0}}},{"id":1,"category":"human.pedestrian.adult","box3d":{"dimension":{"width":2.9808363585033364,"length":0.20339705868152702,"height":1.468628},"location":{"x":1.0713881975117037,"y":-1.489739978192008,"z":-1.108606},"orientation":{"rotationYaw":0,"rotationPitch":0,"rotationRoll":0}}},{"id":2,"category":"human.pedestrian.adult","box3d":{"dimension":{"width":4.130998297475683,"length":0.3002528009108263,"height":1.468628},"location":{"x":0.5729846906236855,"y":1.92926772250224,"z":-1.108606},"orientation":{"rotationYaw":0,"rotationPitch":0,"rotationRoll":0}}},{"id":3,"category":"human.pedestrian.adult","box3d":{"dimension":{"width":0.31629453321739565,"length":0.8523305316178298,"height":1.468628},"location":{"x":2.6145221322996037,"y":1.5466875406965093,"z":-1.108606},"orientation":{"rotationYaw":0,"rotationPitch":0,"rotationRoll":0}}}]}