{"name":"000169","timestamp":0,"index":169,"labels":[{"id":0,"category":"human.pedestrian.adult","box3d":{"dimension":{"width":0.24162962770834384,"length":2.505987053020763,"height":1.468628},"location":{"x":0.9144370296980847,"y":-0.8378332828091685,"z":-1.108606},"orientation":{"rotationYaw":0,"rotationPitch":0,"rotationRoll":0}}},{"id":1,"category":"human.pedestrian.adult","box3d":{"dimension":{"width":0.17804288357457004,"length":2.525263876505538,"height":1.468628},"location":{"x":-0.19197231822959956,"y":-0.8860253415211062,"z":-1.108606},"orientation":{"rotationYaw":0,"rotationPitch":0,"rotationRoll":0}}},{"id":2,"category":"human.pedestrian.adult","box3d":{"dimension":{"width":1.2081481385417236,"length":0.13493776439342575,"height":1.468628},"location":{"x":0.39938440221450733,"y":-2.0876140054054204,"z":-1.108606},"orientation":{"rotationYaw":0,"rotationPitch":0,"rotationRoll":0}}}]}