{"name":"000196","timestamp":0,"index":196,"labels":[{"id":0,"category":"human.pedestrian.child","box3d":{"dimension":{"width":0.392945445447616,"length":3.6166631724402993,"height":1.468628},"location":{"x":-1.1084190237261997,"y":0.2579634882436189,"z":-1.108606},"orientation":{"rotationYaw":0,"rotationPitch":0,"rotationRoll":0}}},{"id":2,"category":"human.pedestrian.child","box3d":{"dimension":{"width":2.2939517896401416,"length":0.3112262077174144,"height":1.468628},"location":{"x":0.012006503158221049,"y":1.9965374761822794,"z":-1.108606},"orientation":{"rotationYaw":0,"rotationPitch":0,"rotationRoll":0}}},{"id":3,"category":"human.pedestrian.child","box3d":{"dimension":{"width":2.1877503178975415,"length":0.23610264033734918,"height":1.468628},"location":{"x":0.0757273862037805,"y":-1.4859764687936174,"z":-1.108606},"orientation":{"rotationYaw":0,"rotationPitch":0,"rotationRoll":0}}},{"id":1,"category":"human.pedestrian.child","box3d":{"dimension":{"width":0.42480588697039745,"length":3.4449521612858645,"height":1.468628},"location":{"x":1.1271219564555115,"y":0.3652828702151414,"z":-1.108606},"orientation":{"rotationYaw":0,"rotationPitch":0,"rotationRoll":0}}}]}