{"name":"000145","timestamp":0,"index":145,"labels":[{"id":0,"category":"human.pedestrian.adult","box3d":{"dimension":{"width":0.23003238779446966,"length":4.319766103426728,"height":1.468628},"location":{"x":-1.1570505592472227,"y":0.66530028640989,"z":-1.108606},"orientation":{"rotationYaw":0,"rotationPitch":0,"rotationRoll":0}}},{"id":1,"category":"human.pedestrian.adult","box3d":{"dimension":{"width":0.20127833932016093,"length":4.358508400318447,"height":1.468628},"location":{"x":0.65924683604661,"y":0.5781301184035212,"z":-1.108606},"orientation":{"rotationYaw":0,"rotationPitch":0,"rotationRoll":0}}},{"id":2,"category":"human.pedestrian.adult","box3d":{"dimension":{"width":1.9840293447272999,"length":0.24213935557324673,"height":1.468628},"location":{"x":-0.23212866665695941,"y":2.762227105674209,"z":-1.108606},"orientation":{"rotationYaw":0,"rotationPitch":0,"rotationRoll":0}}},{"id":3,"category":"human.pedestrian.adult","box3d":{"dimension":{"width":1.8690131508300667,"length":0.3874229689171955,"height":1.468628},"location":{"x":-0.27046739795603797,"y":-1.4461548941888243,"z":-1.108606},"orientation":{"rotationYaw":0,"rotationPitch":0,"rotationRoll":0}}}]}