{"name":"000139","timestamp":0,"index":139,"labels":[{"id":0,"category":"human.pedestrian.adult","box3d":{"dimension":{"width":4.046835028507461,"length":0.27112264919121376,"height":1.468628},"location":{"x":-0.3415908516188384,"y":1.8677085030834135,"z":-1.108606},"orientation":{"rotationYaw":0,"rotationPitch":0,"rotationRoll":0}}},{"id":1,"category":"human.pedestrian.adult","box3d":{"dimension":{"width":0.3689103755269232,"length":3.5245944394857833,"height":1.468628},"location":{"x":1.6538789069131559,"y":0.12800483743978974,"z":-1.108606},"orientation":{"rotationYaw":0,"rotationPitch":0,"rotationRoll":0}}},{"id":2,"category":"human.pedestrian.adult","box3d":{"dimension":{"width":0.1676865343304197,"length":0.7907743934743745,"height":1.468628},"location":{"x":-2.247627791841275,"y":1.5175084145447624,"z":-1.108606},"orientation":{"rotationYaw":0,"rotationPitch":0,"rotationRoll":0}}},{"id":3,"category":"human.pedestrian.adult","box3d":{"dimension":{"width":3.0518949248136376,"length":0.4179807508364546,"height":1.468628},"location":{"x":-0.8055235965996663,"y":-1.493082669182677,"z":-1.108606},"orientation":{"rotationYaw":0,"rotationPitch":0,"rotationRoll":0}}}]}