{"name":"000181","timestamp":0,"index":181,"labels":[{"id":0,"category":"human.pedestrian.child","box3d":{"dimension":{"width":0.1836385170583419,"length":1.2526079900406857,"height":1.468628},"location":{"x":-0.899798049609021,"y":-0.896230656257013,"z":-1.108606},"orientation":{"rotationYaw":0,"rotationPitch":0,"rotationRoll":0}}},{"id":1,"category":"human.pedestrian.child","box3d":{"dimension":{"width":1.6929175791315905,"length":0.1333795544950731,"height":1.468628},"location":{"x":-0.04186185272707932,"y":-1.513835984679851,"z":-1.108606},"orientation":{"rotationYaw":0,"rotationPitch":0,"rotationRoll":0}}},{"id":2,"category":"human.pedestrian.child","box3d":{"dimension":{"width":0.14920629510990313,"length":2.012291539556102,"height":1.468628},"location":{"x":0.7701647148902772,"y":-0.5221879925643083,"z":-1.108606},"orientation":{"rotationYaw":0,"rotationPitch":0,"rotationRoll":0}}},{"id":3,"category":"human.pedestrian.child","box3d":{"dimension":{"width":1.6699627644992985,"length":0.06958933278003815,"height":1.468628},"location":{"x":-0.0992488893078109,"y":0.4665604440187332,"z":-1.108606},"orientation":{"rotationYaw":0,"rotationPitch":0,"rotationRoll":0}}}]}