{"name":"000124","timestamp":0,"index":124,"labels":[{"id":0,"category":"human.pedestrian.adult","box3d":{"dimension":{"width":0.4152084599690178,"length":3.5664221403672403,"height":1.468628},"location":{"x":-2.821781722402796,"y":0.8593414042197349,"z":-1.108606},"orientation":{"rotationYaw":0,"rotationPitch":0,"rotationRoll":0}}},{"id":1,"category":"human.pedestrian.adult","box3d":{"dimension":{"width":4.653794822152739,"length":0.4895089212268764,"height":1.468628},"location":{"x":-0.4862341350770709,"y":2.572622628513801,"z":-1.108606},"orientation":{"rotationYaw":0,"rotationPitch":0,"rotationRoll":0}}},{"id":2,"category":"human.pedestrian.adult","box3d":{"dimension":{"width":1.5829822536318792,"length":0.3146843065029925,"height":1.468628},"location":{"x":1.0837728541807765,"y":-0.8714222815467201,"z":-1.108606},"orientation":{"rotationYaw":0,"rotationPitch":0,"rotationRoll":0}}},{"id":3,"category":"human.pedestrian.adult","box3d":{"dimension":{"width":0.7266148049457817,"length":0.3321667679753806,"height":1.468628},"location":{"x":-2.458474319929905,"y":-0.8976459737553029,"z":-1.108606},"orientation":{"rotationYaw":0,"rotationPitch":0,"rotationRoll":0}}}]}