{"name":"000193","timestamp":0,"index":193,"labels":[{"id":0,"category":"human.pedestrian.child","box3d":{"dimension":{"width":0.31860441522779737,"length":3.0800662625826885,"height":1.468628},"location":{"x":1.27580401689515,"y":-0.39668474178266633,"z":-1.108606},"orientation":{"rotationYaw":0,"rotationPitch":0,"rotationRoll":0}}},{"id":1,"category":"human.pedestrian.child","box3d":{"dimension":{"width":2.251471200943101,"length":0.3541539605060233,"height":1.468628},"location":{"x":0.22440944664341855,"y":-1.9742796567640433,"z":-1.108606},"orientation":{"rotationYaw":0,"rotationPitch":0,"rotationRoll":0}}},{"id":2,"category":"human.pedestrian.child","box3d":{"dimension":{"width":0.3292245624020571,"length":3.058602386188384,"height":1.468628},"location":{"x":-1.915550208969953,"y":-0.47180830916273175,"z":-1.108606},"orientation":{"rotationYaw":0,"rotationPitch":0,"rotationRoll":0}}},{"id":3,"category":"human.pedestrian.child","box3d":{"dimension":{"width":3.1648038579294537,"length":0.24683457853450086,"height":1.468628},"location":{"x":-0.37031879511513544,"y":1.0413949766357316,"z":-1.108606},"orientation":{"rotationYaw":0,"rotationPitch":0,"rotationRoll":0}}}]}