{"name":"000140","timestamp":0,"index":140,"labels":[{"id":0,"category":"human.pedestrian.adult","box3d":{"dimension":{"width":3.948889323805062,"length":0.28088165246496666,"height":1.468628},"location":{"x":-0.2656750565436523,"y":1.8033552576041507,"z":-1.108606},"orientation":{"rotationYaw":0,"rotationPitch":0,"rotationRoll":0}}},{"id":1,"category":"human.pedestrian.adult","box3d":{"dimension":{"width":0.5654962866614037,"length":3.6127191851528457,"height":1.468628},"location":{"x":1.7231466295960334,"y":0.07932304592263151,"z":-1.108606},"orientation":{"rotationYaw":0,"rotationPitch":0,"rotationRoll":0}}},{"id":2,"category":"human.pedestrian.adult","box3d":{"dimension":{"width":3.067098503926262,"length":0.38742296891719596,"height":1.468628},"location":{"x":-0.6490623695344354,"y":-1.6301808044244916,"z":-1.108606},"orientation":{"rotationYaw":0,"rotationPitch":0,"rotationRoll":0}}}]}