{"name":"000209","timestamp":0,"index":209,"labels":[{"id":0,"category":"human.pedestrian.child","box3d":{"dimension":{"width":3.0948462125544127,"length":0.23782688525545148,"height":1.468628},"location":{"x":0.7791537587147283,"y":1.6077948232668704,"z":-1.108606},"orientation":{"rotationYaw":0,"rotationPitch":0,"rotationRoll":0}}},{"id":1,"category":"human.pedestrian.child","box3d":{"dimension":{"width":0.2471169979606187,"length":3.5674032788317644,"height":1.468628},"location":{"x":2.2383207942917123,"y":-1.1034316686452712,"z":-1.108606},"orientation":{"rotationYaw":0,"rotationPitch":0,"rotationRoll":0}}},{"id":2,"category":"human.pedestrian.child","box3d":{"dimension":{"width":0.2706519501473439,"length":3.270119672262451,"height":1.468628},"location":{"x":-0.7388506573290712,"y":-1.3115301932437904,"z":-1.108606},"orientation":{"rotationYaw":0,"rotationPitch":0,"rotationRoll":0}}},{"id":3,"category":"human.pedestrian.child","box3d":{"dimension":{"width":2.7888918341269795,"length":0.2497182295182241,"height":1.468628},"location":{"x":0.6144090934076488,"y":-2.94064435724363,"z":-1.108606},"orientation":{"rotationYaw":0,"rotationPitch":0,"rotationRoll":0}}}]}