{"name":"000269","timestamp":0,"index":269,"labels":[{"id":0,"category":"human.pedestrian.adult","box3d":{"dimension":{"width":5.810069082772809,"length":0.23622211544940885,"height":1.468628},"location":{"x":-0.9022818234467651,"y":1.7768011292499024,"z":-1.108606},"orientation":{"rotationYaw":0,"rotationPitch":0,"rotationRoll":0}}},{"id":1,"category":"human.pedestrian.adult","box3d":{"dimension":{"width":1.2725824561908126,"length":0.19514000841472912,"height":1.468628},"location":{"x":-1.5020645384547298,"y":-0.9962410955909855,"z":-1.108606},"orientation":{"rotationYaw":0,"rotationPitch":0,"rotationRoll":0}}},{"id":2,"category":"human.pedestrian.adult","box3d":{"dimension":{"width":0.7927562841844401,"length":0.10270526758669996,"height":1.468628},"location":{"x":0.7510322692273652,"y":-1.052728992763671,"z":-1.108606},"orientation":{"rotationYaw":0,"rotationPitch":0,"rotationRoll":0}}},{"id":3,"category":"human.pedestrian.adult","box3d":{"dimension":{"width":0.47982617200637145,"length":0.2156810619320687,"height":1.468628},"location":{"x":-3.390076215262411,"y":-0.9962410955909855,"z":-1.108606},"orientation":{"rotationYaw":0,"rotationPitch":0,"rotationRoll":0}}}]}