{"name":"000207","timestamp":0,"index":207,"labels":[{"id":0,"category":"human.pedestrian.child","box3d":{"dimension":{"width":0.18827961749380395,"length":3.032292787007,"height":1.468628},"location":{"x":-1.486085389257608,"y":0.18677918386555048,"z":-1.108606},"orientation":{"rotationYaw":0,"rotationPitch":0,"rotationRoll":0}}},{"id":1,"category":"human.pedestrian.child","box3d":{"dimension":{"width":4.601083152504849,"length":0.26160957378099603,"height":1.468628},"location":{"x":0.8026887109014534,"y":-1.2818018325868592,"z":-1.108606},"orientation":{"rotationYaw":0,"rotationPitch":0,"rotationRoll":0}}},{"id":2,"category":"human.pedestrian.child","box3d":{"dimension":{"width":4.471640915477858,"length":0.47565377051090185,"height":1.468628},"location":{"x":0.820339925041498,"y":1.6791428888435056,"z":-1.108606},"orientation":{"rotationYaw":0,"rotationPitch":0,"rotationRoll":0}}}]}