{"name":"000248","timestamp":0,"index":248,"labels":[{"id":0,"category":"human.pedestrian.adult","box3d":{"dimension":{"width":0.20862007478537947,"length":6.1400182010548585,"height":1.468628},"location":{"x":-1.8365475013071872,"y":-0.18556495645349091,"z":-1.108606},"orientation":{"rotationYaw":0,"rotationPitch":0,"rotationRoll":0}}},{"id":1,"category":"human.pedestrian.adult","box3d":{"dimension":{"width":5.176385605612218,"length":0.30304810863575415,"height":1.468628},"location":{"x":0.8429165842175246,"y":2.8251521228191163,"z":-1.108606},"orientation":{"rotationYaw":0,"rotationPitch":0,"rotationRoll":0}}},{"id":2,"category":"human.pedestrian.adult","box3d":{"dimension":{"width":5.111191832241786,"length":0.31622411335904843,"height":1.468628},"location":{"x":0.7842421881841373,"y":-3.2292220475343325,"z":-1.108606},"orientation":{"rotationYaw":0,"rotationPitch":0,"rotationRoll":0}}},{"id":3,"category":"human.pedestrian.adult","box3d":{"dimension":{"width":0.3390076215262421,"length":1.870992670707704,"height":1.468628},"location":{"x":3.1181792748455646,"y":-0.3305010084097214,"z":-1.108606},"orientation":{"rotationYaw":0,"rotationPitch":0,"rotationRoll":0}}}]}