{"name":"000239","timestamp":0,"index":239,"labels":[{"id":0,"category":"human.pedestrian.adult","box3d":{"dimension":{"width":0.32419396637214426,"length":3.2195814591456666,"height":1.468628},"location":{"x":-2.4236409943898405,"y":0.3333611924551836,"z":-1.108606},"orientation":{"rotationYaw":0,"rotationPitch":0,"rotationRoll":0}}},{"id":1,"category":"human.pedestrian.adult","box3d":{"dimension":{"width":4.460461813189163,"length":0.2598258721415807,"height":1.468628},"location":{"x":-0.16546233207352312,"y":-1.2820779256424673,"z":-1.108606},"orientation":{"rotationYaw":0,"rotationPitch":0,"rotationRoll":0}}},{"id":2,"category":"human.pedestrian.adult","box3d":{"dimension":{"width":0.3689103755269232,"length":3.185691127996766,"height":1.468628},"location":{"x":2.1038954325314903,"y":0.3616031350792679,"z":-1.108606},"orientation":{"rotationYaw":0,"rotationPitch":0,"rotationRoll":0}}},{"id":3,"category":"human.pedestrian.adult","box3d":{"dimension":{"width":4.482820017766553,"length":0.29371620329048187,"height":1.468628},"location":{"x":-0.154283229784828,"y":1.920558367928749,"z":-1.108606},"orientation":{"rotationYaw":0,"rotationPitch":0,"rotationRoll":0}}}]}