{"name":"000267","timestamp":0,"index":267,"labels":[{"id":0,"category":"human.pedestrian.adult","box3d":{"dimension":{"width":4.160979546613081,"length":0.18538300799399243,"height":1.468628},"location":{"x":-0.7139319355943694,"y":1.569912208127568,"z":-1.108606},"orientation":{"rotationYaw":0,"rotationPitch":0,"rotationRoll":0}}},{"id":1,"category":"human.pedestrian.adult","box3d":{"dimension":{"width":0.131795732245664,"length":3.633506956682254,"height":1.468628},"location":{"x":2.6374452557953507,"y":-0.3117253230114564,"z":-1.108606},"orientation":{"rotationYaw":0,"rotationPitch":0,"rotationRoll":0}}},{"id":2,"category":"human.pedestrian.adult","box3d":{"dimension":{"width":4.7043826864103,"length":0.14378737462138025,"height":1.468628},"location":{"x":0.2972836065691655,"y":-2.1105932489066754,"z":-1.108606},"orientation":{"rotationYaw":0,"rotationPitch":0,"rotationRoll":0}}},{"id":3,"category":"human.pedestrian.adult","box3d":{"dimension":{"width":0.20862007478537858,"length":2.156810619320691,"height":1.468628},"location":{"x":-2.2113727927250184,"y":-0.9911058322116507,"z":-1.108606},"orientation":{"rotationYaw":0,"rotationPitch":0,"rotationRoll":0}}}]}