{"name":"000240","timestamp":0,"index":240,"labels":[{"id":0,"category":"human.pedestrian.adult","box3d":{"dimension":{"width":4.538715529210024,"length":0.2259355409926782,"height":1.468628},"location":{"x":0.06370926484471662,"y":-1.0843843272738733,"z":-1.108606},"orientation":{"rotationYaw":0,"rotationPitch":0,"rotationRoll":0}}},{"id":1,"category":"human.pedestrian.adult","box3d":{"dimension":{"width":0.3353730686608394,"length":3.276065344393836,"height":1.468628},"location":{"x":2.277171518006257,"y":0.4858676826252415,"z":-1.108606},"orientation":{"rotationYaw":0,"rotationPitch":0,"rotationRoll":0}}},{"id":2,"category":"human.pedestrian.adult","box3d":{"dimension":{"width":4.516357324632636,"length":0.30501298034011537,"height":1.468628},"location":{"x":0.030171957978633035,"y":2.073064858098807,"z":-1.108606},"orientation":{"rotationYaw":0,"rotationPitch":0,"rotationRoll":0}}},{"id":3,"category":"human.pedestrian.adult","box3d":{"dimension":{"width":0.2682984549286713,"length":3.163097573897497,"height":1.468628},"location":{"x":-2.2503649089150746,"y":0.5310547908237772,"z":-1.108606},"orientation":{"rotationYaw":0,"rotationPitch":0,"rotationRoll":0}}}]}