{"name":"000212","timestamp":0,"index":212,"labels":[{"id":0,"category":"human.pedestrian.child","box3d":{"dimension":{"width":0.3294893306141571,"length":4.982473246101699,"height":1.468628},"location":{"x":-2.3215761918863658,"y":0.30569262649327644,"z":-1.108606},"orientation":{"rotationYaw":0,"rotationPitch":0,"rotationRoll":0}}},{"id":1,"category":"human.pedestrian.child","box3d":{"dimension":{"width":3.93033701518317,"length":0.2616095737809956,"height":1.468628},"location":{"x":0.6555952597344183,"y":1.1915977740698318,"z":-1.108606},"orientation":{"rotationYaw":0,"rotationPitch":0,"rotationRoll":0}}},{"id":2,"category":"human.pedestrian.child","box3d":{"dimension":{"width":0.34125680670751946,"length":3.4722725247295845,"height":1.468628},"location":{"x":2.5325076966257827,"y":-0.4850817669810975,"z":-1.108606},"orientation":{"rotationYaw":0,"rotationPitch":0,"rotationRoll":0}}},{"id":3,"category":"human.pedestrian.child","box3d":{"dimension":{"width":4.801130246092017,"length":0.3567403278831769,"height":1.468628},"location":{"x":0.06722145506627952,"y":-2.221218029345889,"z":-1.108606},"orientation":{"rotationYaw":0,"rotationPitch":0,"rotationRoll":0}}}]}