{"name":"000224","timestamp":0,"index":224,"labels":[{"id":0,"category":"human.pedestrian.adult","box3d":{"dimension":{"width":2.7795580191831744,"length":0.19371148445859765,"height":1.468628},"location":{"x":0.3019845076323777,"y":1.420260294602415,"z":-1.108606},"orientation":{"rotationYaw":0,"rotationPitch":0,"rotationRoll":0}}},{"id":1,"category":"human.pedestrian.adult","box3d":{"dimension":{"width":0.28754048474308713,"length":1.820887953910817,"height":1.468628},"location":{"x":1.7396869313478134,"y":-0.7105660344421589,"z":-1.108606},"orientation":{"rotationYaw":0,"rotationPitch":0,"rotationRoll":0}}},{"id":2,"category":"human.pedestrian.adult","box3d":{"dimension":{"width":4.178921711599532,"length":0.426165265808915,"height":1.468628},"location":{"x":-0.42645138705010954,"y":-1.6306955856204974,"z":-1.108606},"orientation":{"rotationYaw":0,"rotationPitch":0,"rotationRoll":0}}},{"id":3,"category":"human.pedestrian.adult","box3d":{"dimension":{"width":0.3067098503926271,"length":2.2470532197197324,"height":1.468628},"location":{"x":-3.2060094062332842,"y":-0.3231430655249639,"z":-1.108606},"orientation":{"rotationYaw":0,"rotationPitch":0,"rotationRoll":0}}}]}