{"name":"000249","timestamp":0,"index":249,"labels":[{"id":0,"category":"human.pedestrian.adult","box3d":{"dimension":{"width":0.3129301121780683,"length":6.205898224671326,"height":1.468628},"location":{"x":-2.24074889620386,"y":0.2426551970535542,"z":-1.108606},"orientation":{"rotationYaw":0,"rotationPitch":0,"rotationRoll":0}}},{"id":1,"category":"human.pedestrian.adult","box3d":{"dimension":{"width":5.085114322893616,"length":0.23716808501928632,"height":1.468628},"location":{"x":0.4061183026356372,"y":-2.873469920005404,"z":-1.108606},"orientation":{"rotationYaw":0,"rotationPitch":0,"rotationRoll":0}}},{"id":2,"category":"human.pedestrian.adult","box3d":{"dimension":{"width":5.176385605612217,"length":0.34257612280563476,"height":1.468628},"location":{"x":0.3865601706245072,"y":3.306076295219336,"z":-1.108606},"orientation":{"rotationYaw":0,"rotationPitch":0,"rotationRoll":0}}},{"id":3,"category":"human.pedestrian.adult","box3d":{"dimension":{"width":0.5476276963116198,"length":2.5034408974258007,"height":1.468628},"location":{"x":2.831326672015669,"y":0.2887712135850819,"z":-1.108606},"orientation":{"rotationYaw":0,"rotationPitch":0,"rotationRoll":0}}}]}