{"name":"000270","timestamp":0,"index":270,"labels":[{"id":0,"category":"human.pedestrian.adult","box3d":{"dimension":{"width":5.7787760715550025,"length":0.20541053517339924,"height":1.468628},"location":{"x":-0.8344802991415177,"y":1.5046321701451482,"z":-1.108606},"orientation":{"rotationYaw":0,"rotationPitch":0,"rotationRoll":0}}},{"id":1,"category":"human.pedestrian.adult","box3d":{"dimension":{"width":1.251720448712275,"length":0.1643284281387194,"height":1.468628},"location":{"x":-1.491633534715461,"y":-1.27868058145441,"z":-1.108606},"orientation":{"rotationYaw":0,"rotationPitch":0,"rotationRoll":0}}},{"id":2,"category":"human.pedestrian.adult","box3d":{"dimension":{"width":0.5737052056597923,"length":0.15405790138005004,"height":1.468628},"location":{"x":0.8709888122289575,"y":-1.3146274251097547,"z":-1.108606},"orientation":{"rotationYaw":0,"rotationPitch":0,"rotationRoll":0}}},{"id":3,"category":"human.pedestrian.adult","box3d":{"dimension":{"width":0.38594713835295247,"length":0.16432842813871917,"height":1.468628},"location":{"x":-3.238826661043011,"y":-1.288951108213079,"z":-1.108606},"orientation":{"rotationYaw":0,"rotationPitch":0,"rotationRoll":0}}}]}