{"name":"000271","timestamp":0,"index":271,"labels":[{"id":0,"category":"human.pedestrian.adult","box3d":{"dimension":{"width":0.6154292206168686,"length":0.13351684786270934,"height":1.468628},"location":{"x":-2.8841725339078668,"y":-1.057864256143005,"z":-1.108606},"orientation":{"rotationYaw":0,"rotationPitch":0,"rotationRoll":0}}},{"id":1,"category":"human.pedestrian.adult","box3d":{"dimension":{"width":1.230858441233737,"length":0.18486948165605965,"height":1.468628},"location":{"x":-1.0013763589698204,"y":-1.0527289927636705,"z":-1.108606},"orientation":{"rotationYaw":0,"rotationPitch":0,"rotationRoll":0}}},{"id":2,"category":"human.pedestrian.adult","box3d":{"dimension":{"width":0.6467222318346764,"length":0.1540579013800486,"height":1.468628},"location":{"x":1.2725824561908128,"y":-1.0475937293843351,"z":-1.108606},"orientation":{"rotationYaw":0,"rotationPitch":0,"rotationRoll":0}}},{"id":3,"category":"human.pedestrian.adult","box3d":{"dimension":{"width":5.7892070752942715,"length":0.23622211544940885,"height":1.468628},"location":{"x":-0.4328866551796615,"y":1.7870716560085724,"z":-1.108606},"orientation":{"rotationYaw":0,"rotationPitch":0,"rotationRoll":0}}}]}