{"name":"000217","timestamp":0,"index":217,"labels":[{"id":0,"category":"human.pedestrian.child","box3d":{"dimension":{"width":0.24920175344400874,"length":4.823415963019081,"height":1.468628},"location":{"x":-2.6184904868038905,"y":-0.052624181574038253,"z":-1.108606},"orientation":{"rotationYaw":0,"rotationPitch":0,"rotationRoll":0}}},{"id":1,"category":"human.pedestrian.child","box3d":{"dimension":{"width":5.587870086840659,"length":0.12591246489808894,"height":1.468628},"location":{"x":0.26170670203936464,"y":2.441411180830406,"z":-1.108606},"orientation":{"rotationYaw":0,"rotationPitch":0,"rotationRoll":0}}},{"id":2,"category":"human.pedestrian.child","box3d":{"dimension":{"width":5.6741322322635845,"length":0.24213935557324673,"height":1.468628},"location":{"x":0.34317650604990635,"y":-2.536973969755553,"z":-1.108606},"orientation":{"rotationYaw":0,"rotationPitch":0,"rotationRoll":0}}},{"id":3,"category":"human.pedestrian.child","box3d":{"dimension":{"width":0.44089540993940046,"length":5.026813021700608,"height":1.468628},"location":{"x":2.9310408687376914,"y":-0.05746696868550344,"z":-1.108606},"orientation":{"rotationYaw":0,"rotationPitch":0,"rotationRoll":0}}}]}