{"name":"000335","timestamp":0,"index":335,"labels":[{"id":1,"category":"human.pedestrian.adult","box3d":{"dimension":{"width":0.10627677465495511,"length":2.267237859306836,"height":1.468628},"location":{"x":-2.931049315570302,"y":0.832271046569633,"z":-1.108606},"orientation":{"rotationYaw":0,"rotationPitch":0,"rotationRoll":0}}},{"id":2,"category":"human.pedestrian.adult","box3d":{"dimension":{"width":4.41245423660016,"length":0.12014422844190076,"height":1.468628},"location":{"x":-0.7110455783334686,"y":1.9833302674484887,"z":-1.108606},"orientation":{"rotationYaw":0,"rotationPitch":0,"rotationRoll":0}}},{"id":3,"category":"human.pedestrian.adult","box3d":{"dimension":{"width":0.11176027714166126,"length":0.783232204692718,"height":1.468628},"location":{"x":1.5396268068987218,"y":1.6459139073680085,"z":-1.108606},"orientation":{"rotationYaw":0,"rotationPitch":0,"rotationRoll":0}}}]}