{"name":"000344","timestamp":0,"index":344,"labels":[{"id":0,"category":"human.pedestrian.adult","box3d":{"dimension":{"width":0.11808530517217197,"length":1.6432629954634161,"height":1.468628},"location":{"x":-1.1383283536386548,"y":0.20635837259005346,"z":-1.108606},"orientation":{"rotationYaw":0,"rotationPitch":0,"rotationRoll":0}}},{"id":1,"category":"human.pedestrian.adult","box3d":{"dimension":{"width":1.5587260282726705,"length":0.09301488653566503,"height":1.468628},"location":{"x":-0.3865185773758267,"y":1.0434923514110392,"z":-1.108606},"orientation":{"rotationYaw":0,"rotationPitch":0,"rotationRoll":0}}},{"id":2,"category":"human.pedestrian.adult","box3d":{"dimension":{"width":1.3264915947673988,"length":0.1705272919820523,"height":1.468628},"location":{"x":-0.2546566532669016,"y":-0.7702979360344298,"z":-1.108606},"orientation":{"rotationYaw":0,"rotationPitch":0,"rotationRoll":0}}},{"id":3,"category":"human.pedestrian.adult","box3d":{"dimension":{"width":0.10234059781588245,"length":1.1549348411511744,"height":1.468628},"location":{"x":0.37709972940421876,"y":0.4737761713800907,"z":-1.108606},"orientation":{"rotationYaw":0,"rotationPitch":0,"rotationRoll":0}}}]}