{"name":"000314","timestamp":0,"index":314,"labels":[{"id":0,"category":"human.pedestrian.adult","box3d":{"dimension":{"width":4.836115365476248,"length":0.1886926131483162,"height":1.468628},"location":{"x":-0.7769563949033313,"y":1.3821440805104952,"z":-1.108606},"orientation":{"rotationYaw":0,"rotationPitch":0,"rotationRoll":0}}},{"id":1,"category":"human.pedestrian.adult","box3d":{"dimension":{"width":0.15782194665889926,"length":2.297610054217729,"height":1.468628},"location":{"x":1.6467377859297536,"y":-0.826669449872732,"z":-1.108606},"orientation":{"rotationYaw":0,"rotationPitch":0,"rotationRoll":0}}},{"id":2,"category":"human.pedestrian.adult","box3d":{"dimension":{"width":0.1972774333236229,"length":3.3187700783144978,"height":1.468628},"location":{"x":-3.209105322878856,"y":-0.27724095864675335,"z":-1.108606},"orientation":{"rotationYaw":0,"rotationPitch":0,"rotationRoll":0}}},{"id":3,"category":"human.pedestrian.adult","box3d":{"dimension":{"width":4.830478867381286,"length":0.1387445684914086,"height":1.468628},"location":{"x":-0.7628651496659294,"y":-1.9449506719134866,"z":-1.108606},"orientation":{"rotationYaw":0,"rotationPitch":0,"rotationRoll":0}}}]}