{"name":"000340","timestamp":0,"index":340,"labels":[{"id":0,"category":"human.pedestrian.adult","box3d":{"dimension":{"width":0.21694642033381206,"length":3.9355800037452235,"height":1.468628},"location":{"x":1.2898097168173641,"y":0.7688232979807093,"z":-1.108606},"orientation":{"rotationYaw":0,"rotationPitch":0,"rotationRoll":0}}},{"id":1,"category":"human.pedestrian.adult","box3d":{"dimension":{"width":0.2563912240308679,"length":4.369270563368463,"height":1.468628},"location":{"x":-1.3661403987844531,"y":0.5649240050235143,"z":-1.108606},"orientation":{"rotationYaw":0,"rotationPitch":0,"rotationRoll":0}}},{"id":2,"category":"human.pedestrian.adult","box3d":{"dimension":{"width":1.696126558973437,"length":0.11651388168982502,"height":1.468628},"location":{"x":-0.3964556412318096,"y":2.743086293280534,"z":-1.108606},"orientation":{"rotationYaw":0,"rotationPitch":0,"rotationRoll":0}}},{"id":3,"category":"human.pedestrian.adult","box3d":{"dimension":{"width":0.17750161663675545,"length":1.2492877314520205,"height":1.468628},"location":{"x":0.42859816943162615,"y":3.3418381852976933,"z":-1.108606},"orientation":{"rotationYaw":0,"rotationPitch":0,"rotationRoll":0}}}]}