{"name":"000323","timestamp":0,"index":323,"labels":[{"id":0,"category":"human.pedestrian.adult","box3d":{"dimension":{"width":0.3235335449737091,"length":3.9023122963002246,"height":1.468628},"location":{"x":2.77150826065283,"y":-0.7201747560535189,"z":-1.108606},"orientation":{"rotationYaw":0,"rotationPitch":0,"rotationRoll":0}}},{"id":1,"category":"human.pedestrian.adult","box3d":{"dimension":{"width":4.96084768959687,"length":0.35837561904797965,"height":1.468628},"location":{"x":0.3315261089761068,"y":-2.5983284632864505,"z":-1.108606},"orientation":{"rotationYaw":0,"rotationPitch":0,"rotationRoll":0}}},{"id":2,"category":"human.pedestrian.adult","box3d":{"dimension":{"width":1.267173051147028,"length":0.25219025044117094,"height":1.468628},"location":{"x":0.7089819114454345,"y":1.1048862668760087,"z":-1.108606},"orientation":{"rotationYaw":0,"rotationPitch":0,"rotationRoll":0}}},{"id":3,"category":"human.pedestrian.adult","box3d":{"dimension":{"width":0.3235335449737091,"length":3.955404980603631,"height":1.468628},"location":{"x":-2.1758588645701367,"y":-0.7069015849776679,"z":-1.108606},"orientation":{"rotationYaw":0,"rotationPitch":0,"rotationRoll":0}}}]}