{"name":"000332","timestamp":0,"index":332,"labels":[{"id":0,"category":"human.pedestrian.adult","box3d":{"dimension":{"width":1.147425069915898,"length":0.07695044050690131,"height":1.468628},"location":{"x":-0.5460581024284852,"y":-0.4037749056487664,"z":-1.108606},"orientation":{"rotationYaw":0,"rotationPitch":0,"rotationRoll":0}}},{"id":1,"category":"human.pedestrian.adult","box3d":{"dimension":{"width":0.11367678711241114,"length":1.9692317275175186,"height":1.468628},"location":{"x":-1.12687543658096,"y":0.580840958109993,"z":-1.108606},"orientation":{"rotationYaw":0,"rotationPitch":0,"rotationRoll":0}}},{"id":2,"category":"human.pedestrian.adult","box3d":{"dimension":{"width":2.2273545474838015,"length":0.12941664994342506,"height":1.468628},"location":{"x":0.01166863434178056,"y":1.53922371715049,"z":-1.108606},"orientation":{"rotationYaw":0,"rotationPitch":0,"rotationRoll":0}}},{"id":3,"category":"human.pedestrian.adult","box3d":{"dimension":{"width":0.1243339859041992,"length":1.9517429910386772,"height":1.468628},"location":{"x":1.1413317062713644,"y":0.5546078533917307,"z":-1.108606},"orientation":{"rotationYaw":0,"rotationPitch":0,"rotationRoll":0}}}]}