{"name":"000319","timestamp":0,"index":319,"labels":[{"id":0,"category":"human.pedestrian.adult","box3d":{"dimension":{"width":2.5441898384601567,"length":0.14887884882588787,"height":1.468628},"location":{"x":-0.28462819229897635,"y":-1.8621763943399325,"z":-1.108606},"orientation":{"rotationYaw":0,"rotationPitch":0,"rotationRoll":0}}},{"id":1,"category":"human.pedestrian.adult","box3d":{"dimension":{"width":2.5639122403086843,"length":0.13593286197146326,"height":1.468628},"location":{"x":-0.33393419692029724,"y":1.3160633784214242,"z":-1.108606},"orientation":{"rotationYaw":0,"rotationPitch":0,"rotationRoll":0}}},{"id":2,"category":"human.pedestrian.adult","box3d":{"dimension":{"width":0.13148267899018928,"length":1.3334366460057834,"height":1.468628},"location":{"x":-1.583019647327092,"y":-1.2375325286139225,"z":-1.108606},"orientation":{"rotationYaw":0,"rotationPitch":0,"rotationRoll":0}}},{"id":3,"category":"human.pedestrian.adult","box3d":{"dimension":{"width":0.1183344110911696,"length":2.2849666798060255,"height":1.468628},"location":{"x":0.9874667269311024,"y":-0.7358755380049508,"z":-1.108606},"orientation":{"rotationYaw":0,"rotationPitch":0,"rotationRoll":0}}}]}