{"name":"000316","timestamp":0,"index":316,"labels":[{"id":0,"category":"human.pedestrian.adult","box3d":{"dimension":{"width":0.18939333261744684,"length":4.970398277072897,"height":1.468628},"location":{"x":1.4295180496191693,"y":0.5708981129142252,"z":-1.108606},"orientation":{"rotationYaw":0,"rotationPitch":0,"rotationRoll":0}}},{"id":1,"category":"human.pedestrian.adult","box3d":{"dimension":{"width":1.5369997377800486,"length":0.12910125394994543,"height":1.468628},"location":{"x":-1.1527871970302481,"y":3.0058912082479177,"z":-1.108606},"orientation":{"rotationYaw":0,"rotationPitch":0,"rotationRoll":0}}},{"id":2,"category":"human.pedestrian.adult","box3d":{"dimension":{"width":0.15297153788332296,"length":4.869986190667385,"height":1.468628},"location":{"x":-1.9613510401278091,"y":0.5637258210281171,"z":-1.108606},"orientation":{"rotationYaw":0,"rotationPitch":0,"rotationRoll":0}}},{"id":3,"category":"human.pedestrian.adult","box3d":{"dimension":{"width":2.396554093505383,"length":0.1649627133804854,"height":1.468628},"location":{"x":-0.7521474549548799,"y":-1.874853420248629,"z":-1.108606},"orientation":{"rotationYaw":0,"rotationPitch":0,"rotationRoll":0}}}]}