{"name":"000322","timestamp":0,"index":322,"labels":[{"id":0,"category":"human.pedestrian.adult","box3d":{"dimension":{"width":2.5573381063591745,"length":0.1165138816898259,"height":1.468628},"location":{"x":-0.13999724540976788,"y":1.7012064873405703,"z":-1.108606},"orientation":{"rotationYaw":0,"rotationPitch":0,"rotationRoll":0}}},{"id":1,"category":"human.pedestrian.adult","box3d":{"dimension":{"width":0.17092748268724578,"length":3.437159509849858,"height":1.468628},"location":{"x":1.171542477517367,"y":-0.017373267584358976,"z":-1.108606},"orientation":{"rotationYaw":0,"rotationPitch":0,"rotationRoll":0}}},{"id":2,"category":"human.pedestrian.adult","box3d":{"dimension":{"width":2.603357044005741,"length":0.22655476995243862,"height":1.468628},"location":{"x":-0.04467230314188064,"y":-1.7456625126501066,"z":-1.108606},"orientation":{"rotationYaw":0,"rotationPitch":0,"rotationRoll":0}}},{"id":3,"category":"human.pedestrian.adult","box3d":{"dimension":{"width":0.23009468823283008,"length":3.482470463840346,"height":1.468628},"location":{"x":-1.3562120260690154,"y":-0.05297473143402753,"z":-1.108606},"orientation":{"rotationYaw":0,"rotationPitch":0,"rotationRoll":0}}}]}