{"name":"000336","timestamp":0,"index":336,"labels":[{"id":0,"category":"human.pedestrian.adult","box3d":{"dimension":{"width":4.417818014070348,"length":0.10356789483540085,"height":1.468628},"location":{"x":-0.09404547955437659,"y":1.9404351083061788,"z":-1.108606},"orientation":{"rotationYaw":0,"rotationPitch":0,"rotationRoll":0}}},{"id":1,"category":"human.pedestrian.adult","box3d":{"dimension":{"width":0.11833441109116949,"length":2.356169607505365,"height":1.468628},"location":{"x":-2.3161027544885693,"y":0.8141342519711967,"z":-1.108606},"orientation":{"rotationYaw":0,"rotationPitch":0,"rotationRoll":0}}},{"id":2,"category":"human.pedestrian.adult","box3d":{"dimension":{"width":4.345502540625745,"length":0.14240585539867623,"height":1.468628},"location":{"x":-0.09733254652913081,"y":-1.2313316710279651,"z":-1.108606},"orientation":{"rotationYaw":0,"rotationPitch":0,"rotationRoll":0}}},{"id":3,"category":"human.pedestrian.adult","box3d":{"dimension":{"width":0.17750161663675446,"length":0.8285431586832048,"height":1.468628},"location":{"x":2.0984281926070243,"y":1.5779474763822763,"z":-1.108606},"orientation":{"rotationYaw":0,"rotationPitch":0,"rotationRoll":0}}}]}