{"name":"000399","timestamp":0,"index":399,"labels":[{"id":0,"category":"human.pedestrian.adult","box3d":{"dimension":{"width":3.5384158111240316,"length":0.17950241261268707,"height":1.468628},"location":{"x":-0.15332276477957685,"y":0.899593873431723,"z":-1.108606},"orientation":{"rotationYaw":0,"rotationPitch":0,"rotationRoll":0}}},{"id":1,"category":"human.pedestrian.adult","box3d":{"dimension":{"width":0.19473716993305512,"length":2.080596146192508,"height":1.468628},"location":{"x":1.6842503174610652,"y":-0.21821660511091884,"z":-1.108606},"orientation":{"rotationYaw":0,"rotationPitch":0,"rotationRoll":0}}},{"id":2,"category":"human.pedestrian.adult","box3d":{"dimension":{"width":3.6005659717409646,"length":0.0652736045864315,"height":1.468628},"location":{"x":-0.109817652347724,"y":-1.2544350779205216,"z":-1.108606},"orientation":{"rotationYaw":0,"rotationPitch":0,"rotationRoll":0}}},{"id":3,"category":"human.pedestrian.adult","box3d":{"dimension":{"width":0.11601363315160751,"length":2.0928349470524643,"height":1.468628},"location":{"x":-1.8810972299303046,"y":-0.15906240095446494,"z":-1.108606},"orientation":{"rotationYaw":0,"rotationPitch":0,"rotationRoll":0}}}]}