{"name":"000339","timestamp":0,"index":339,"labels":[{"id":0,"category":"human.pedestrian.adult","box3d":{"dimension":{"width":0.11833441109116993,"length":4.369270563368464,"height":1.468628},"location":{"x":-1.4220205373552837,"y":0.5390320313146639,"z":-1.108606},"orientation":{"rotationYaw":0,"rotationPitch":0,"rotationRoll":0}}},{"id":1,"category":"human.pedestrian.adult","box3d":{"dimension":{"width":1.7158489608219658,"length":0.14240585539867556,"height":1.468628},"location":{"x":-0.5509477890452825,"y":2.7430862932805335,"z":-1.108606},"orientation":{"rotationYaw":0,"rotationPitch":0,"rotationRoll":0}}},{"id":2,"category":"human.pedestrian.adult","box3d":{"dimension":{"width":0.18407575058626535,"length":4.4534194779222265,"height":1.468628},"location":{"x":1.2339295782465336,"y":0.49695757403778185,"z":-1.108606},"orientation":{"rotationYaw":0,"rotationPitch":0,"rotationRoll":0}}}]}