{"name":"000324","timestamp":0,"index":324,"labels":[{"id":0,"category":"human.pedestrian.adult","box3d":{"dimension":{"width":0.23789129670342124,"length":3.730972073135095,"height":1.468628},"location":{"x":2.569414745874728,"y":-0.6897159137630546,"z":-1.108606},"orientation":{"rotationYaw":0,"rotationPitch":0,"rotationRoll":0}}},{"id":1,"category":"human.pedestrian.adult","box3d":{"dimension":{"width":5.029701701729494,"length":0.2342314306004094,"height":1.468628},"location":{"x":0.11403671918583536,"y":-2.5468365420948738,"z":-1.108606},"orientation":{"rotationYaw":0,"rotationPitch":0,"rotationRoll":0}}},{"id":2,"category":"human.pedestrian.adult","box3d":{"dimension":{"width":0.25488353218223825,"length":1.1711571530020481,"height":1.468628},"location":{"x":-2.3923180139395037,"y":-1.9696233738295787,"z":-1.108606},"orientation":{"rotationYaw":0,"rotationPitch":0,"rotationRoll":0}}},{"id":3,"category":"human.pedestrian.adult","box3d":{"dimension":{"width":0.21240294348519928,"length":1.2297150106521502,"height":1.468628},"location":{"x":-2.379573837330392,"y":0.8118748645502846,"z":-1.108606},"orientation":{"rotationYaw":0,"rotationPitch":0,"rotationRoll":0}}}]}