{"name":"000330","timestamp":0,"index":330,"labels":[{"id":0,"category":"human.pedestrian.adult","box3d":{"dimension":{"width":0.20862007478537947,"length":3.738471740155862,"height":1.468628},"location":{"x":1.449732260703856,"y":-0.04673846286372996,"z":-1.108606},"orientation":{"rotationYaw":0,"rotationPitch":0,"rotationRoll":0}}},{"id":1,"category":"human.pedestrian.adult","box3d":{"dimension":{"width":3.2440421629126437,"length":0.195140008414729,"height":1.468628},"location":{"x":-0.13056480579539076,"y":1.8276326705935362,"z":-1.108606},"orientation":{"rotationYaw":0,"rotationPitch":0,"rotationRoll":0}}},{"id":2,"category":"human.pedestrian.adult","box3d":{"dimension":{"width":0.30249910843880023,"length":3.759012793673202,"height":1.468628},"location":{"x":-1.6743533592071953,"y":-0.03646793610505994,"z":-1.108606},"orientation":{"rotationYaw":0,"rotationPitch":0,"rotationRoll":0}}},{"id":3,"category":"human.pedestrian.adult","box3d":{"dimension":{"width":2.107062755332329,"length":0.16432842813871895,"height":1.468628},"location":{"x":-0.5947444721928589,"y":-1.885162752665651,"z":-1.108606},"orientation":{"rotationYaw":0,"rotationPitch":0,"rotationRoll":0}}}]}