{"name":"000318","timestamp":0,"index":318,"labels":[{"id":0,"category":"human.pedestrian.adult","box3d":{"dimension":{"width":0.10926538420237275,"length":2.2592719441240443,"height":1.468628},"location":{"x":-2.0487633474897073,"y":0.16207747540606499,"z":-1.108606},"orientation":{"rotationYaw":0,"rotationPitch":0,"rotationRoll":0}}},{"id":1,"category":"human.pedestrian.adult","box3d":{"dimension":{"width":2.1780233251006367,"length":0.043033751316647884,"height":1.468628},"location":{"x":-0.9342564286255022,"y":-0.9890753723142807,"z":-1.108606},"orientation":{"rotationYaw":0,"rotationPitch":0,"rotationRoll":0}}},{"id":2,"category":"human.pedestrian.adult","box3d":{"dimension":{"width":0.1092653842023732,"length":2.374028614301774,"height":1.468628},"location":{"x":1.127217153325937,"y":0.19076664295049728,"z":-1.108606},"orientation":{"rotationYaw":0,"rotationPitch":0,"rotationRoll":0}}},{"id":3,"category":"human.pedestrian.adult","box3d":{"dimension":{"width":3.241539731337068,"length":0.1506181296082698,"height":1.468628},"location":{"x":-0.3879295076136364,"y":1.4674345986777348,"z":-1.108606},"orientation":{"rotationYaw":0,"rotationPitch":0,"rotationRoll":0}}}]}