{"name":"000321","timestamp":0,"index":321,"labels":[{"id":0,"category":"human.pedestrian.adult","box3d":{"dimension":{"width":0.19064988453577358,"length":3.508362437549196,"height":1.468628},"location":{"x":-1.6126032500998837,"y":0.3095129004898741,"z":-1.108606},"orientation":{"rotationYaw":0,"rotationPitch":0,"rotationRoll":0}}},{"id":1,"category":"human.pedestrian.adult","box3d":{"dimension":{"width":2.5441898384601567,"length":0.13593286197146348,"height":1.468628},"location":{"x":-0.38981433549112654,"y":2.0669306159780785,"z":-1.108606},"orientation":{"rotationYaw":0,"rotationPitch":0,"rotationRoll":0}}},{"id":2,"category":"human.pedestrian.adult","box3d":{"dimension":{"width":0.17092748268724578,"length":2.608616351166653,"height":1.468628},"location":{"x":0.9282995213855173,"y":0.7593859436811454,"z":-1.108606},"orientation":{"rotationYaw":0,"rotationPitch":0,"rotationRoll":0}}},{"id":3,"category":"human.pedestrian.adult","box3d":{"dimension":{"width":2.603357044005741,"length":0.142405855398676,"height":1.468628},"location":{"x":-0.3865272685163721,"y":-1.438195324857511,"z":-1.108606},"orientation":{"rotationYaw":0,"rotationPitch":0,"rotationRoll":0}}}]}