{"name":"000352","timestamp":0,"index":352,"labels":[{"id":0,"category":"human.pedestrian.adult","box3d":{"dimension":{"width":0.12015697719273621,"length":2.7251729914835217,"height":1.468628},"location":{"x":-1.5306835877332692,"y":-0.18747306929705398,"z":-1.108606},"orientation":{"rotationYaw":0,"rotationPitch":0,"rotationRoll":0}}},{"id":1,"category":"human.pedestrian.adult","box3d":{"dimension":{"width":3.2732417924917856,"length":0.15502481089277498,"height":1.468628},"location":{"x":0.12043901265657453,"y":1.1465562244381426,"z":-1.108606},"orientation":{"rotationYaw":0,"rotationPitch":0,"rotationRoll":0}}},{"id":2,"category":"human.pedestrian.adult","box3d":{"dimension":{"width":0.1450170414395091,"length":2.7088545903369132,"height":1.468628},"location":{"x":1.750844892840774,"y":-0.23642827273687783,"z":-1.108606},"orientation":{"rotationYaw":0,"rotationPitch":0,"rotationRoll":0}}},{"id":3,"category":"human.pedestrian.adult","box3d":{"dimension":{"width":1.8272147221378197,"length":0.0979104068796477,"height":1.468628},"location":{"x":-0.6232912427260525,"y":-1.5541391653254664,"z":-1.108606},"orientation":{"rotationYaw":0,"rotationPitch":0,"rotationRoll":0}}}]}