{"name":"000325","timestamp":0,"index":325,"labels":[{"id":0,"category":"human.pedestrian.adult","box3d":{"dimension":{"width":0.20390682574578944,"length":3.6891450319564503,"height":1.468628},"location":{"x":2.5864069813535426,"y":-0.9197646402455997,"z":-1.108606},"orientation":{"rotationYaw":0,"rotationPitch":0,"rotationRoll":0}}},{"id":1,"category":"human.pedestrian.adult","box3d":{"dimension":{"width":5.038197819468902,"length":0.2091352058932232,"height":1.468628},"location":{"x":0.0927964248373161,"y":-2.7183274109273166,"z":-1.108606},"orientation":{"rotationYaw":0,"rotationPitch":0,"rotationRoll":0}}},{"id":2,"category":"human.pedestrian.adult","box3d":{"dimension":{"width":0.17841847252756704,"length":1.2129841941806923,"height":1.468628},"location":{"x":-2.422054426027431,"y":-2.124383426190563,"z":-1.108606},"orientation":{"rotationYaw":0,"rotationPitch":0,"rotationRoll":0}}},{"id":3,"category":"human.pedestrian.adult","box3d":{"dimension":{"width":0.11894564835171195,"length":1.1293301118234034,"height":1.468628},"location":{"x":-2.32434907202424,"y":0.6947591492500798,"z":-1.108606},"orientation":{"rotationYaw":0,"rotationPitch":0,"rotationRoll":0}}}]}