{"name":"000345","timestamp":0,"index":345,"labels":[{"id":0,"category":"human.pedestrian.adult","box3d":{"dimension":{"width":0.12202148201124463,"length":1.6626410968250132,"height":1.468628},"location":{"x":-1.1127432041846843,"y":0.30131106926187834,"z":-1.108606},"orientation":{"rotationYaw":0,"rotationPitch":0,"rotationRoll":0}}},{"id":1,"category":"human.pedestrian.adult","box3d":{"dimension":{"width":1.5193642598819463,"length":0.11626860816958118,"height":1.468628},"location":{"x":-0.35502916266324724,"y":1.1171291365851073,"z":-1.108606},"orientation":{"rotationYaw":0,"rotationPitch":0,"rotationRoll":0}}},{"id":2,"category":"human.pedestrian.adult","box3d":{"dimension":{"width":0.14563854304567891,"length":1.065795574887829,"height":1.468628},"location":{"x":0.41055723253633464,"y":0.5222214247840828,"z":-1.108606},"orientation":{"rotationYaw":0,"rotationPitch":0,"rotationRoll":0}}},{"id":3,"category":"human.pedestrian.adult","box3d":{"dimension":{"width":1.3225554179283263,"length":0.1278954689865397,"height":1.468628},"location":{"x":-0.28417797955994406,"y":-0.6908477204518824,"z":-1.108606},"orientation":{"rotationYaw":0,"rotationPitch":0,"rotationRoll":0}}}]}