{"name":"000320","timestamp":0,"index":320,"labels":[{"id":0,"category":"human.pedestrian.adult","box3d":{"dimension":{"width":0.1512050808387171,"length":2.5244674366128903,"height":1.468628},"location":{"x":-2.434369993788565,"y":-0.7326390412913444,"z":-1.108606},"orientation":{"rotationYaw":0,"rotationPitch":0,"rotationRoll":0}}},{"id":1,"category":"human.pedestrian.adult","box3d":{"dimension":{"width":3.536884064836083,"length":0.1488788488258883,"height":1.468628},"location":{"x":-0.708659832042335,"y":0.5263581803014944,"z":-1.108606},"orientation":{"rotationYaw":0,"rotationPitch":0,"rotationRoll":0}}},{"id":2,"category":"human.pedestrian.adult","box3d":{"dimension":{"width":0.1972240184852836,"length":2.5374134234673154,"height":1.468628},"location":{"x":1.0203373966786504,"y":-0.7196930544369193,"z":-1.108606},"orientation":{"rotationYaw":0,"rotationPitch":0,"rotationRoll":0}}},{"id":3,"category":"human.pedestrian.adult","box3d":{"dimension":{"width":3.4908651271895166,"length":0.1618248356803127,"height":1.468628},"location":{"x":-0.7119468990170896,"y":-2.004582249738608,"z":-1.108606},"orientation":{"rotationYaw":0,"rotationPitch":0,"rotationRoll":0}}}]}