{"name":"000331","timestamp":0,"index":331,"labels":[{"id":0,"category":"human.pedestrian.adult","box3d":{"dimension":{"width":0.14014518407083987,"length":3.1404416844324894,"height":1.468628},"location":{"x":2.64038541111835,"y":-0.03729991948360689,"z":-1.108606},"orientation":{"rotationYaw":0,"rotationPitch":0,"rotationRoll":0}}},{"id":1,"category":"human.pedestrian.adult","box3d":{"dimension":{"width":3.711431081600177,"length":0.19032979905651448,"height":1.468628},"location":{"x":0.806416536812012,"y":-1.6360702315583286,"z":-1.108606},"orientation":{"rotationYaw":0,"rotationPitch":0,"rotationRoll":0}}},{"id":2,"category":"human.pedestrian.adult","box3d":{"dimension":{"width":0.13047999896250673,"length":2.174517954220678,"height":1.468628},"location":{"x":-1.0855434481443278,"y":0.4218707207402345,"z":-1.108606},"orientation":{"rotationYaw":0,"rotationPitch":0,"rotationRoll":0}}},{"id":3,"category":"human.pedestrian.adult","box3d":{"dimension":{"width":3.7694221922501794,"length":0.14274734929238564,"height":1.468628},"location":{"x":0.791918759149512,"y":1.5138879428269865,"z":-1.108606},"orientation":{"rotationYaw":0,"rotationPitch":0,"rotationRoll":0}}}]}