{"name":"000337","timestamp":0,"index":337,"labels":[{"id":0,"category":"human.pedestrian.adult","box3d":{"dimension":{"width":0.11176027714166059,"length":2.356169607505364,"height":1.468628},"location":{"x":-3.0030997522123064,"y":0.8335532322528343,"z":-1.108606},"orientation":{"rotationYaw":0,"rotationPitch":0,"rotationRoll":0}}},{"id":1,"category":"human.pedestrian.adult","box3d":{"dimension":{"width":4.450688683817896,"length":0.12945986854425118,"height":1.468628},"location":{"x":-0.7941907451771324,"y":1.9792730688694538,"z":-1.108606},"orientation":{"rotationYaw":0,"rotationPitch":0,"rotationRoll":0}}},{"id":2,"category":"human.pedestrian.adult","box3d":{"dimension":{"width":0.18407575058626402,"length":0.8026511849743545,"height":1.468628},"location":{"x":1.4114311948832876,"y":1.6297314237999767,"z":-1.108606},"orientation":{"rotationYaw":0,"rotationPitch":0,"rotationRoll":0}}},{"id":3,"category":"human.pedestrian.adult","box3d":{"dimension":{"width":4.404669746171329,"length":0.142405855398676,"height":1.468628},"location":{"x":-0.790903678202378,"y":-1.1730747301830529,"z":-1.108606},"orientation":{"rotationYaw":0,"rotationPitch":0,"rotationRoll":0}}}]}