{"name":"000398","timestamp":0,"index":398,"labels":[{"id":0,"category":"human.pedestrian.adult","box3d":{"dimension":{"width":3.641999412152253,"length":0.0979104068796477,"height":1.468628},"location":{"x":0.2962300636829025,"y":1.103573887764322,"z":-1.108606},"orientation":{"rotationYaw":0,"rotationPitch":0,"rotationRoll":0}}},{"id":1,"category":"human.pedestrian.adult","box3d":{"dimension":{"width":3.604709315782094,"length":0.08567160601969137,"height":1.468628},"location":{"x":0.3273051439913688,"y":-1.0402560628712925,"z":-1.108606},"orientation":{"rotationYaw":0,"rotationPitch":0,"rotationRoll":0}}},{"id":2,"category":"human.pedestrian.adult","box3d":{"dimension":{"width":0.17402044972741093,"length":2.096914547339116,"height":1.468628},"location":{"x":2.0840830174299985,"y":0.030639012374851893,"z":-1.108606},"orientation":{"rotationYaw":0,"rotationPitch":0,"rotationRoll":0}}},{"id":3,"category":"human.pedestrian.adult","box3d":{"dimension":{"width":0.14087369739838063,"length":2.1009941476257685,"height":1.468628},"location":{"x":-1.4501894496529046,"y":0.020440011658221846,"z":-1.108606},"orientation":{"rotationYaw":0,"rotationPitch":0,"rotationRoll":0}}}]}