{"name":"000338","timestamp":0,"index":338,"labels":[{"id":0,"category":"human.pedestrian.adult","box3d":{"dimension":{"width":1.7224230947714756,"length":0.025891973708850102,"height":1.468628},"location":{"x":-0.2255281585445652,"y":3.1444118857677106,"z":-1.108606},"orientation":{"rotationYaw":0,"rotationPitch":0,"rotationRoll":0}}},{"id":1,"category":"human.pedestrian.adult","box3d":{"dimension":{"width":0.18407575058626469,"length":4.427527504213376,"height":1.468628},"location":{"x":-1.0407207682837363,"y":0.9500671139426597,"z":-1.108606},"orientation":{"rotationYaw":0,"rotationPitch":0,"rotationRoll":0}}},{"id":2,"category":"human.pedestrian.adult","box3d":{"dimension":{"width":0.33528083142498244,"length":4.304540629096339,"height":1.468628},"location":{"x":1.6053681463938159,"y":0.992141571219542,"z":-1.108606},"orientation":{"rotationYaw":0,"rotationPitch":0,"rotationRoll":0}}}]}