{"name":"000361","timestamp":0,"index":361,"labels":[{"id":0,"category":"human.pedestrian.adult","box3d":{"dimension":{"width":0.20609909931712145,"length":3.136165315484475,"height":1.468628},"location":{"x":0.5034569440460087,"y":0.09296515116915305,"z":-1.108606},"orientation":{"rotationYaw":0,"rotationPitch":0,"rotationRoll":0}}},{"id":1,"category":"human.pedestrian.adult","box3d":{"dimension":{"width":0.11866311778864591,"length":0.4489020941771895,"height":1.468628},"location":{"x":-0.30844859871840813,"y":1.6026290432307972,"z":-1.108606},"orientation":{"rotationYaw":0,"rotationPitch":0,"rotationRoll":0}}},{"id":2,"category":"human.pedestrian.adult","box3d":{"dimension":{"width":1.317785150179169,"length":0.09838950009363079,"height":1.468628},"location":{"x":-0.97046388743401,"y":1.3904766836539064,"z":-1.108606},"orientation":{"rotationYaw":0,"rotationPitch":0,"rotationRoll":0}}},{"id":3,"category":"human.pedestrian.adult","box3d":{"dimension":{"width":0.2185899538211893,"length":2.8655941902269904,"height":1.468628},"location":{"x":-1.570024903629271,"y":-0.0546190989712928,"z":-1.108606},"orientation":{"rotationYaw":0,"rotationPitch":0,"rotationRoll":0}}}]}