{"name":"000478","timestamp":0,"index":478,"labels":[{"id":0,"category":"human.pedestrian.adult","box3d":{"dimension":{"width":3.7964632918607535,"length":0.05799522962940884,"height":1.468628},"location":{"x":0.29825932410926337,"y":1.7020038797613675,"z":-1.108606},"orientation":{"rotationYaw":0,"rotationPitch":0,"rotationRoll":0}}},{"id":1,"category":"human.pedestrian.adult","box3d":{"dimension":{"width":7.202882582063616,"length":0.36757674715239896,"height":1.468628},"location":{"x":1.9658306774013594,"y":-0.6520283344293142,"z":-1.108606},"orientation":{"rotationYaw":0,"rotationPitch":0,"rotationRoll":0}}},{"id":2,"category":"human.pedestrian.adult","box3d":{"dimension":{"width":0.26352009446574254,"length":2.3568156140947902,"height":1.468628},"location":{"x":-1.8552106923518994,"y":0.38583542223628126,"z":-1.108606},"orientation":{"rotationYaw":0,"rotationPitch":0,"rotationRoll":0}}}]}