{"name":"000400","timestamp":0,"index":400,"labels":[{"id":0,"category":"human.pedestrian.adult","box3d":{"dimension":{"width":3.554367685682377,"length":0.12401984871422012,"height":1.468628},"location":{"x":0.35622400393605225,"y":0.9553403971267266,"z":-1.108606},"orientation":{"rotationYaw":0,"rotationPitch":0,"rotationRoll":0}}},{"id":1,"category":"human.pedestrian.adult","box3d":{"dimension":{"width":3.5583038625214494,"length":0.10464174735262333,"height":1.468628},"location":{"x":0.4014900375853845,"y":-1.1743129425127714,"z":-1.108606},"orientation":{"rotationYaw":0,"rotationPitch":0,"rotationRoll":0}}},{"id":2,"category":"human.pedestrian.adult","box3d":{"dimension":{"width":0.14957471988475102,"length":2.1432180105926157,"height":1.468628},"location":{"x":-1.4091513083879192,"y":-0.09689050680798433,"z":-1.108606},"orientation":{"rotationYaw":0,"rotationPitch":0,"rotationRoll":0}}},{"id":3,"category":"human.pedestrian.adult","box3d":{"dimension":{"width":0.15744707356289522,"length":2.11608866868638,"height":1.468628},"location":{"x":2.1452163772944584,"y":-0.08332583585486653,"z":-1.108606},"orientation":{"rotationYaw":0,"rotationPitch":0,"rotationRoll":0}}}]}