{"name":"000411","timestamp":0,"index":411,"labels":[{"id":0,"category":"human.pedestrian.adult","box3d":{"dimension":{"width":0.13111846104284797,"length":2.0369308956546934,"height":1.468628},"location":{"x":1.8541347516193567,"y":-1.1343459868586612,"z":-1.108606},"orientation":{"rotationYaw":0,"rotationPitch":0,"rotationRoll":0}}},{"id":1,"category":"human.pedestrian.adult","box3d":{"dimension":{"width":5.506975363799604,"length":0.043033751316649216,"height":1.468628},"location":{"x":-0.8920685713336204,"y":-2.1671560184582246,"z":-1.108606},"orientation":{"rotationYaw":0,"rotationPitch":0,"rotationRoll":0}}},{"id":2,"category":"human.pedestrian.adult","box3d":{"dimension":{"width":0.14568717893649774,"length":2.926295089532096,"height":1.468628},"location":{"x":-1.9774380544105263,"y":-0.6609747223755282,"z":-1.108606},"orientation":{"rotationYaw":0,"rotationPitch":0,"rotationRoll":0}}},{"id":3,"category":"human.pedestrian.adult","box3d":{"dimension":{"width":3.081283834506923,"length":0.07889521074718886,"height":1.468628},"location":{"x":0.45918001330239344,"y":0.8201035521057898,"z":-1.108606},"orientation":{"rotationYaw":0,"rotationPitch":0,"rotationRoll":0}}}]}