{"name":"000485","timestamp":0,"index":485,"labels":[{"id":0,"category":"human.pedestrian.adult","box3d":{"dimension":{"width":3.74186017479004,"length":0.21894364704961466,"height":1.468628},"location":{"x":-0.9568846907667931,"y":1.2402574832316617,"z":-1.108606},"orientation":{"rotationYaw":0,"rotationPitch":0,"rotationRoll":0}}},{"id":1,"category":"human.pedestrian.adult","box3d":{"dimension":{"width":0.2760388653533643,"length":2.166787127697914,"height":1.468628},"location":{"x":-3.004172942137573,"y":-0.06585461813328297,"z":-1.108606},"orientation":{"rotationYaw":0,"rotationPitch":0,"rotationRoll":0}}},{"id":2,"category":"human.pedestrian.adult","box3d":{"dimension":{"width":6.1878712316712345,"length":0.28689167544432304,"height":1.468628},"location":{"x":0.22011436011491026,"y":-1.0963997154530223,"z":-1.108606},"orientation":{"rotationYaw":0,"rotationPitch":0,"rotationRoll":0}}}]}