{"name":"000437","timestamp":0,"index":437,"labels":[{"id":0,"category":"human.pedestrian.adult","box3d":{"dimension":{"width":0.3236211686421391,"length":5.291739548788394,"height":1.468628},"location":{"x":-0.4448966820220288,"y":1.0105490669351835,"z":-1.108606},"orientation":{"rotationYaw":0,"rotationPitch":0,"rotationRoll":0}}},{"id":1,"category":"human.pedestrian.adult","box3d":{"dimension":{"width":3.294001180821773,"length":0.11380085051157818,"height":1.468628},"location":{"x":1.2483355039091635,"y":-1.5556601121009095,"z":-1.108606},"orientation":{"rotationYaw":0,"rotationPitch":0,"rotationRoll":0}}},{"id":2,"category":"human.pedestrian.adult","box3d":{"dimension":{"width":0.33517906752221505,"length":2.924681858147564,"height":1.468628},"location":{"x":2.889557144880013,"y":-0.04779884282249547,"z":-1.108606},"orientation":{"rotationYaw":0,"rotationPitch":0,"rotationRoll":0}}},{"id":3,"category":"human.pedestrian.adult","box3d":{"dimension":{"width":3.282443281941698,"length":0.23898178607431486,"height":1.468628},"location":{"x":1.277230251109355,"y":1.386091873623392,"z":-1.108606},"orientation":{"rotationYaw":0,"rotationPitch":0,"rotationRoll":0}}}]}