{"name":"000480","timestamp":0,"index":480,"labels":[{"id":0,"category":"human.pedestrian.adult","box3d":{"dimension":{"width":3.8645441149470914,"length":0.08304759026019859,"height":1.468628},"location":{"x":-1.2482590486397886,"y":1.194958797635189,"z":-1.108606},"orientation":{"rotationYaw":0,"rotationPitch":0,"rotationRoll":0}}},{"id":1,"category":"human.pedestrian.adult","box3d":{"dimension":{"width":7.675414006075472,"length":0.18119474238588884,"height":1.468628},"location":{"x":0.5804984343262449,"y":-1.13414862011675,"z":-1.108606},"orientation":{"rotationYaw":0,"rotationPitch":0,"rotationRoll":0}}},{"id":2,"category":"human.pedestrian.adult","box3d":{"dimension":{"width":0.39105505925059925,"length":1.728899833598684,"height":1.468628},"location":{"x":-3.3990618745180807,"y":0.07004143865613338,"z":-1.108606},"orientation":{"rotationYaw":0,"rotationPitch":0,"rotationRoll":0}}}]}