{"name":"000484","timestamp":0,"index":484,"labels":[{"id":0,"category":"human.pedestrian.adult","box3d":{"dimension":{"width":3.082433996445894,"length":0.16609518052039762,"height":1.468628},"location":{"x":-0.27445527364320044,"y":1.4025777732856863,"z":-1.108606},"orientation":{"rotationYaw":0,"rotationPitch":0,"rotationRoll":0}}},{"id":1,"category":"human.pedestrian.adult","box3d":{"dimension":{"width":6.157200246631973,"length":0.23404320891510522,"height":1.468628},"location":{"x":1.3089343290087323,"y":-1.009577234726451,"z":-1.108606},"orientation":{"rotationYaw":0,"rotationPitch":0,"rotationRoll":0}}},{"id":2,"category":"human.pedestrian.adult","box3d":{"dimension":{"width":0.7744423722413822,"length":0.15854539958765212,"height":1.468628},"location":{"x":2.359415566603478,"y":0.6287252276792885,"z":-1.108606},"orientation":{"rotationYaw":0,"rotationPitch":0,"rotationRoll":0}}},{"id":3,"category":"human.pedestrian.adult","box3d":{"dimension":{"width":0.2760388653533632,"length":1.6609518052039756,"height":1.468628},"location":{"x":-2.0610401521802477,"y":0.3003097571048663,"z":-1.108606},"orientation":{"rotationYaw":0,"rotationPitch":0,"rotationRoll":0}}}]}