{"name":"000482","timestamp":0,"index":482,"labels":[{"id":0,"category":"human.pedestrian.adult","box3d":{"dimension":{"width":3.795534398608751,"length":0.15854539958765201,"height":1.468628},"location":{"x":-0.7306861761022316,"y":1.1194609883077358,"z":-1.108606},"orientation":{"rotationYaw":0,"rotationPitch":0,"rotationRoll":0}}},{"id":1,"category":"human.pedestrian.adult","box3d":{"dimension":{"width":5.911832366317871,"length":0.22649342798236027,"height":1.468628},"location":{"x":0.2737885839336194,"y":-1.2398455531751842,"z":-1.108606},"orientation":{"rotationYaw":0,"rotationPitch":0,"rotationRoll":0}}},{"id":2,"category":"human.pedestrian.adult","box3d":{"dimension":{"width":2.054955997630597,"length":0.06794802839470837,"height":1.468628},"location":{"x":2.171555783237994,"y":0.2965348666384929,"z":-1.108606},"orientation":{"rotationYaw":0,"rotationPitch":0,"rotationRoll":0}}},{"id":3,"category":"human.pedestrian.adult","box3d":{"dimension":{"width":0.2913743578729946,"length":2.0535404137067337,"height":1.468628},"location":{"x":-2.8278147781618137,"y":-0.09227885139789216,"z":-1.108606},"orientation":{"rotationYaw":0,"rotationPitch":0,"rotationRoll":0}}}]}