{"name":"000479","timestamp":0,"index":479,"labels":[{"id":0,"category":"human.pedestrian.adult","box3d":{"dimension":{"width":3.810869891128382,"length":0.09814715212568936,"height":1.468628},"location":{"x":-0.5083215345675783,"y":1.761192367591089,"z":-1.108606},"orientation":{"rotationYaw":0,"rotationPitch":0,"rotationRoll":0}}},{"id":1,"category":"human.pedestrian.adult","box3d":{"dimension":{"width":7.6907494985951015,"length":0.33219036104079447,"height":1.468628},"location":{"x":1.3856117916068882,"y":-0.5603652692281043,"z":-1.108606},"orientation":{"rotationYaw":0,"rotationPitch":0,"rotationRoll":0}}},{"id":2,"category":"human.pedestrian.adult","box3d":{"dimension":{"width":0.253035626573916,"length":1.6836011480022115,"height":1.468628},"location":{"x":-2.5939485172374366,"y":0.6136256658137976,"z":-1.108606},"orientation":{"rotationYaw":0,"rotationPitch":0,"rotationRoll":0}}},{"id":3,"category":"human.pedestrian.adult","box3d":{"dimension":{"width":2.369333594283037,"length":0.11324671399117991,"height":1.468628},"location":{"x":2.5664447156184997,"y":0.9911147124510652,"z":-1.108606},"orientation":{"rotationYaw":0,"rotationPitch":0,"rotationRoll":0}}}]}